סמל ועדה,ברזל,שם ישוב,סמל ישוב,קלפי,ריכוז,שופט,בזב,מצביעים,פסולים,כשרים,אמת,ג,ודעם,ז,זך,זץ,טב,י,יז,ינ,יף,יק,יר,כ,כן,ל,מחל,נ,נז,ני,נץ,נק,פה,ףז,ץ,ק,קי,קך,קץ,שס,
1,660,ירושלים,3000,608.1,316,0,643,103,1,102,2,2,84,0,0,0,3,0,0,0,0,0,0,0,0,0,6,1,0,0,0,0,4,0,0,0,0,0,0,0,
2,720,נחליאל,3767,1,2,0,332,252,0,252,2,63,2,0,0,0,62,0,0,0,0,0,0,0,0,0,49,0,0,0,16,0,0,0,0,0,0,0,0,58,
2,724,עטרת,3658,1,1,0,299,237,0,237,1,5,0,0,0,0,174,0,0,0,0,0,0,0,0,0,46,0,0,0,9,0,1,0,0,0,0,0,0,1,
2,730,עמיחי,3824,1,1,0,73,66,0,66,0,5,0,0,0,0,29,0,0,0,0,0,0,0,0,0,19,0,0,0,5,0,1,0,0,0,0,0,0,7,
2,759,יד השמונה,1134,1,2,0,161,114,0,114,3,0,0,0,0,0,7,0,0,0,0,0,0,0,0,19,37,0,0,0,0,0,48,0,0,0,0,0,0,0,
2,760,כסלון,859,1,1,0,277,213,0,213,11,1,1,1,0,0,6,0,0,0,0,0,0,0,0,3,129,0,0,0,0,0,16,1,0,0,0,0,0,44,
2,797,נטף,1254,1,1,0,345,246,0,246,111,0,15,0,0,0,4,0,0,0,0,0,0,0,0,1,2,0,0,0,0,0,113,0,0,0,0,0,0,0,
2,820,קרית ענבים,78,1,2,0,305,205,0,205,66,0,3,0,0,0,1,0,0,0,0,0,0,0,0,6,21,1,0,0,0,0,105,0,0,0,0,0,0,2,
2,933,גיזו,1043,1,2,0,146,113,0,113,22,1,0,0,0,0,4,0,0,0,0,0,0,0,0,1,50,0,0,0,0,0,32,0,0,0,0,0,0,3,
2,934,גפן,39,1,1,0,266,224,0,224,4,2,0,0,0,0,7,0,0,0,0,0,0,0,0,2,148,0,0,0,4,0,19,0,0,0,0,0,0,38,
2,935,הראל,464,1,1,0,220,120,0,120,45,0,5,0,0,0,0,0,0,0,0,0,0,0,0,0,7,0,0,0,0,0,63,0,0,0,0,0,0,0,
2,942,מחסיה,776,1,1,0,318,261,0,261,5,9,0,0,0,0,8,0,0,0,0,0,0,0,0,1,158,0,0,0,4,0,24,0,0,0,0,0,0,52,
2,945,נווה שלום,1259,1,1,0,225,171,0,171,46,0,117,0,0,0,0,0,0,0,0,0,0,0,0,0,0,0,0,0,0,0,8,0,0,0,0,0,0,0,
2,950,עגור,794,1,2,0,302,242,0,242,10,14,1,0,0,0,2,0,0,0,0,0,0,0,0,1,160,0,0,0,2,0,17,0,0,0,0,0,0,35,
2,952,צפרירים,1079,1,1,0,307,207,2,205,32,2,6,0,0,0,5,0,0,0,0,0,0,0,0,4,80,0,0,0,0,0,61,0,0,0,0,0,0,15,
2,955,שדות מיכה,27,1,2,0,267,202,0,202,5,1,0,0,0,0,13,0,0,0,0,0,0,0,0,4,111,0,0,0,1,0,14,0,0,0,0,0,0,53,
2,958,תירוש,10,1,1,0,331,252,0,252,2,3,0,0,0,0,10,0,0,0,0,0,0,0,0,1,136,0,0,0,1,0,5,0,0,0,0,0,0,94,
2,961,אדורה,3759,1,1,0,246,191,0,191,5,4,1,0,0,0,60,0,0,0,0,0,0,0,0,4,72,1,0,0,9,0,32,0,0,0,0,0,0,3,
2,1025,חברון,3400,1,1,0,297,216,1,215,0,21,0,0,0,0,98,0,0,0,0,0,0,0,0,1,45,0,0,0,39,0,2,0,0,0,0,0,2,7,
2,1026,חגי,3764,1,1,0,335,262,0,262,0,16,0,0,0,0,179,0,0,0,0,0,0,0,0,0,57,0,0,0,8,0,0,0,0,0,0,0,0,2,
2,1029,מגדל עוז,3561,1,1,0,259,164,1,163,0,0,0,0,0,0,113,0,0,0,0,0,0,0,1,0,38,1,0,0,1,0,8,0,0,0,0,0,0,1,
2,1031,נגוהות,3724,1,1,0,142,123,1,122,0,2,0,1,0,0,78,0,0,0,0,0,0,0,0,0,22,0,0,0,15,0,1,0,0,0,0,0,0,3,
2,1038,פני חבר,3723,1,1,0,229,175,2,173,0,35,0,0,0,0,95,0,0,0,0,0,0,0,0,0,27,0,0,0,7,0,4,0,0,0,0,0,0,5,
2,1048,תלם,3719,1,1,0,205,164,0,164,0,11,0,0,0,0,74,0,0,0,0,0,0,0,0,5,55,1,0,0,9,0,5,0,0,0,0,0,0,4,
2,1052,אלמוג,3556,1,1,0,193,135,1,134,31,1,0,0,0,0,5,0,0,0,0,0,0,0,0,2,26,1,0,0,0,0,68,0,0,0,0,0,0,0,
2,1053,בית הערבה,3645,1,2,0,175,142,0,142,5,0,0,0,0,0,28,0,0,0,0,0,0,0,0,10,55,0,0,0,0,0,41,0,0,0,0,0,0,3,
2,1054,גלגל,3606,1,1,0,155,91,1,90,10,1,1,0,0,0,5,0,0,0,0,0,0,0,0,2,37,0,0,0,1,0,32,0,0,0,0,0,0,1,
2,1055,ורד יריחו,3639,1,1,0,238,189,2,187,10,1,0,0,0,0,12,0,0,0,0,0,0,0,0,5,105,0,0,0,2,0,47,1,0,0,0,0,0,4,
2,1056,ייטב,3607,1,1,0,205,160,1,159,2,5,0,3,0,0,64,0,0,0,0,0,0,0,0,8,71,2,0,0,1,0,2,0,0,0,0,0,0,1,
2,1111,מצפה שלם,3610,1,1,0,251,187,1,186,29,1,0,0,0,0,41,0,0,0,0,0,0,0,0,4,39,0,0,0,1,0,71,0,0,0,0,0,0,0,
2,1112,נעמה,3713,1,1,0,145,88,0,88,2,0,0,0,0,0,9,0,0,0,0,0,0,0,0,3,32,0,0,0,0,0,40,0,0,0,0,0,0,2,
2,1113,נתיב הגדוד,3555,1,1,0,233,167,1,166,46,0,2,1,0,0,5,0,0,0,0,0,0,0,0,6,44,0,0,0,0,0,60,0,0,0,1,1,0,0,
2,1116,קליה,3601,1,1,0,318,222,0,222,12,1,1,0,0,0,14,0,0,0,0,0,0,0,0,17,49,0,0,0,0,0,127,1,0,0,0,0,0,0,
2,1118,תומר,3558,1,1,0,246,189,0,189,15,1,0,0,0,0,14,0,0,0,0,0,0,0,0,5,66,0,0,0,3,0,85,0,0,0,0,0,0,0,
3,1119,אביבים,1115,1,1,0,332,246,0,246,0,4,0,0,0,0,2,0,0,0,0,0,0,0,0,0,175,0,0,0,0,0,4,0,0,0,0,0,0,61,
3,1120,אור הגנוז,1294,1,1,0,281,184,0,184,2,83,0,0,0,0,3,0,0,0,0,0,0,0,0,0,31,0,0,0,6,0,1,0,0,0,0,0,0,58,
3,1129,דובב,1067,1,1,0,361,250,0,250,2,2,0,0,0,0,7,0,0,0,0,0,0,0,0,0,197,0,0,0,5,0,17,0,0,0,0,0,0,20,
3,1130,דישון,2063,1,1,0,296,198,1,197,7,1,0,0,0,0,14,0,0,0,0,0,0,0,0,6,104,4,0,0,4,0,39,0,0,0,0,0,0,18,
3,1132,חזון,1047,1,1,0,257,227,0,227,2,7,0,0,0,0,15,0,0,0,0,0,0,0,0,0,155,0,0,0,3,0,12,0,0,0,0,0,0,33,
3,1134,כדיתה,1338,1,1,0,126,62,2,60,7,6,0,0,0,0,3,0,0,0,0,0,0,0,0,0,25,2,0,0,0,0,16,0,0,0,0,0,0,1,
3,1137,כפר שמאי,605,1,1,0,335,263,0,263,11,13,1,0,0,0,30,0,0,0,0,0,0,1,0,1,143,1,0,0,4,0,13,0,0,0,0,0,0,45,
3,1141,מרגליות,843,1,1,0,342,196,0,196,32,4,1,0,0,0,4,0,0,0,0,0,0,0,0,3,95,0,1,0,3,0,43,0,0,0,0,0,0,10,
3,1144,עמוקה,1212,1,1,0,143,97,2,95,20,0,3,0,0,0,4,0,0,0,0,0,0,0,0,2,11,0,0,0,0,1,53,0,0,0,0,0,0,1,
3,1146,צבעון,1213,1,2,0,163,138,2,136,59,1,4,0,0,0,8,0,0,1,0,0,0,0,0,1,5,0,0,0,0,0,57,0,0,0,0,0,0,0,
3,1190,שפר,846,1,1,0,321,227,0,227,13,5,0,0,0,0,9,0,0,0,0,0,0,0,0,1,138,1,0,0,2,0,39,0,0,0,0,0,0,19,
3,1216,כורזים,1252,1,1,0,336,216,0,216,40,5,1,1,0,0,6,0,0,0,0,0,0,0,0,7,30,1,0,0,0,0,125,0,0,0,0,0,0,0,
3,1230,גונן,852,1,1,0,343,234,0,234,56,0,1,0,0,0,2,0,0,0,0,0,0,0,0,6,13,0,0,0,0,0,156,0,0,0,0,0,0,0,
3,1242,מנרה,347,1,1,0,212,142,1,141,46,0,1,0,0,0,1,0,0,0,0,0,0,0,1,7,4,0,0,0,0,0,80,0,0,1,0,0,0,0,
3,1244,משגב עם,378,1,1,0,259,169,1,168,59,0,1,0,0,0,2,0,0,0,0,0,0,0,0,11,8,0,0,0,0,0,87,0,0,0,0,0,0,0,
3,1282,אודם,4010,1,1,0,121,89,0,89,10,0,1,1,0,0,5,0,0,0,0,0,0,0,0,2,14,0,0,0,1,0,54,0,0,0,0,0,0,1,
3,1283,אורטל,4013,1,1,0,248,177,0,177,31,0,0,0,0,0,11,0,0,0,0,0,0,0,0,2,21,0,0,0,0,0,110,0,0,0,0,0,0,2,
3,1284,אלרום,4003,1,1,0,343,252,2,250,61,0,1,0,0,0,9,0,0,0,0,0,0,0,0,19,38,1,0,0,0,0,121,0,0,0,0,0,0,0,
3,1285,אלוני הבשן,4017,1,1,0,221,152,0,152,3,1,0,1,0,0,78,0,0,0,0,0,0,0,0,0,61,0,0,0,2,0,4,0,0,0,0,0,0,2,
3,1291,נווה אטיב,4303,1,1,0,163,98,0,98,10,0,0,0,0,0,11,0,0,0,0,1,0,0,0,1,22,1,0,0,0,0,50,0,0,1,0,0,0,1,
3,1295,עין זיוון,4503,1,1,0,281,187,0,187,28,0,0,0,0,0,6,0,0,0,0,0,0,0,0,13,29,0,0,0,1,0,110,0,0,0,0,0,0,0,
3,1296,עין קנייא,4502,1,2,0,146,16,0,16,0,0,0,0,0,0,0,0,0,0,0,0,0,0,0,0,8,0,0,0,0,0,8,0,0,0,0,0,0,0,
3,1298,קלע,4024,1,1,0,220,142,1,141,14,1,0,0,0,0,3,0,0,0,0,0,0,0,0,10,38,0,0,0,0,0,74,0,0,0,0,0,0,1,
3,1310,שעל,4009,1,1,0,218,166,0,166,13,0,0,0,0,0,6,0,0,0,0,0,0,0,0,7,48,0,0,0,0,0,86,0,0,0,0,0,0,6,
4,1371,אלומות,330,1,1,0,300,210,0,210,50,1,0,0,0,0,8,0,0,0,0,0,0,0,0,4,24,0,0,0,1,0,119,0,0,0,0,0,0,3,
4,1389,מסדה,263,1,1,0,271,172,0,172,39,0,4,0,0,0,2,0,0,0,0,0,0,0,0,5,15,0,0,0,0,0,105,0,0,0,0,0,0,2,
4,1390,פוריה  כפר עבודה,1104,1,1,0,265,184,1,183,1,2,0,0,0,0,12,0,0,0,0,1,0,0,0,2,119,0,0,0,3,0,30,0,0,0,0,0,0,13,
4,1397,אלמגור,1125,1,1,0,294,219,0,219,26,0,5,0,0,0,5,0,0,0,0,0,0,0,0,5,7,0,0,0,2,0,169,0,0,0,0,0,0,0,
4,1398,אמנון,1253,1,1,0,305,224,0,224,18,3,0,0,0,0,14,0,0,0,0,0,0,0,0,15,99,1,0,0,1,0,63,0,0,0,0,0,0,10,
4,1406,טפחות,1214,1,1,0,246,203,0,203,1,2,0,0,0,0,83,0,0,0,0,0,0,0,0,1,94,0,0,0,0,0,3,0,0,0,0,0,0,19,
4,1407,כלנית,1229,1,1,0,187,155,0,155,0,4,0,0,0,0,19,0,0,0,0,0,0,0,0,0,114,0,0,0,1,0,2,0,0,0,0,0,1,14,
4,1417,לבנים,1230,1,2,0,322,240,0,240,23,0,1,0,0,0,15,0,0,0,0,0,0,0,0,4,92,1,0,0,0,0,97,0,0,0,0,0,0,7,
4,1421,מצפה,58,1,1,0,130,92,0,92,12,0,0,0,0,0,1,0,0,0,0,0,0,0,0,3,26,1,0,0,0,0,49,0,0,0,0,0,0,0,
4,1429,אפיק,4301,1,1,0,259,176,0,176,34,0,1,0,0,0,5,0,0,0,0,0,0,0,0,11,21,0,0,0,3,0,101,0,0,0,0,0,0,0,
4,1433,גשור,4022,1,1,0,220,153,2,151,14,0,0,5,0,0,2,0,0,0,0,0,0,0,0,11,30,0,0,0,1,0,86,0,0,0,0,0,0,2,
4,1434,האון,702,1,1,0,154,87,1,86,20,2,0,1,0,0,2,0,0,0,0,0,0,0,0,5,12,0,0,0,0,0,40,0,0,0,0,0,0,4,
4,1442,מיצר,4019,1,1,0,125,90,0,90,13,0,2,1,0,0,5,0,0,0,0,0,0,0,0,3,8,0,0,0,1,0,57,0,0,0,0,0,0,0,
4,1443,מעגן,678,1,3,0,328,219,1,218,29,0,0,0,0,0,5,0,0,0,0,0,0,0,0,14,29,0,0,0,0,0,139,0,0,0,0,0,0,2,
4,1451,תל קציר,719,1,1,0,311,221,1,220,45,0,0,0,0,0,5,0,0,0,0,0,0,0,0,15,22,0,0,0,1,0,131,0,0,0,0,0,0,1,
5,1490,דברת,407,1,1,0,327,230,2,228,27,0,0,0,0,0,1,0,0,0,0,0,0,0,0,7,24,0,1,0,0,0,164,0,0,0,0,0,0,4,
5,1573,אדירים,113,1,1,0,233,183,0,183,0,1,0,0,0,0,2,0,0,0,0,0,0,0,0,0,110,0,0,0,2,0,10,0,0,0,0,0,0,58,
5,1575,ברק,141,1,1,0,304,219,1,218,13,0,0,0,0,0,5,0,0,0,0,0,0,0,0,4,92,0,0,0,1,0,93,0,0,0,0,0,0,10,
5,1577,גדיש,145,1,1,0,282,210,0,210,2,2,0,0,0,0,7,0,0,0,0,0,0,0,0,2,168,0,0,0,3,0,8,0,0,0,0,0,0,18,
5,1578,גדעונה,442,1,1,0,293,227,1,226,14,4,0,0,0,0,4,0,0,0,0,0,0,0,0,7,121,0,0,0,3,0,46,0,0,0,0,0,0,27,
5,1614,נורית,833,1,1,0,111,93,0,93,7,2,1,0,0,0,6,0,1,0,0,0,0,0,0,1,31,0,0,0,1,0,41,0,0,0,0,0,0,2,
5,1620,פרזון,2053,1,1,0,290,216,1,215,11,3,0,0,0,0,15,0,0,0,0,0,0,0,0,1,138,1,0,0,5,0,30,0,0,0,0,0,1,10,
5,1876,בית זיד,353,1,4,0,113,74,1,73,19,0,1,0,0,0,0,0,0,0,0,0,0,1,0,1,3,0,0,0,0,0,41,0,0,5,1,0,0,1,
5,1937,כפר גדעון,106,1,2,0,184,134,0,134,1,50,0,0,0,0,4,0,0,0,0,0,0,0,0,0,36,0,0,0,4,0,13,0,0,0,0,0,0,26,
5,1939,מחנה יהודית,1413,1,1,0,132,95,1,94,7,0,0,0,0,0,4,0,0,0,0,0,0,0,0,3,33,1,0,0,0,0,43,0,0,0,0,0,0,3,
9,3695,אלעריאן,1316,1,3,0,127,104,1,103,0,0,102,0,0,0,0,0,0,0,0,0,0,0,0,0,0,0,0,0,0,0,0,0,0,0,0,0,0,1,
9,3745,בית אורן,317,1,1,0,321,208,1,207,50,1,1,1,0,0,4,0,0,0,0,0,0,0,0,1,22,0,0,0,1,0,125,0,0,0,0,1,0,0,
9,3747,בית צבי,212,1,1,0,68,33,0,33,0,20,0,0,0,0,1,0,0,0,0,0,0,0,0,0,7,0,0,0,1,0,0,0,0,0,0,0,0,4,
9,3762,דור,738,1,1,0,285,222,0,222,14,0,1,0,0,0,5,0,0,0,0,1,0,0,0,3,52,0,0,0,0,0,143,0,0,0,0,0,0,3,
9,3766,מאיר שפיה,102,1,1,0,112,54,2,52,3,0,0,0,0,0,0,0,0,0,0,0,0,0,1,7,17,0,0,0,0,0,24,0,0,0,0,0,0,0,
9,3772,נווה ים,312,1,2,0,210,158,0,158,16,0,0,0,0,0,6,0,0,0,0,0,0,0,0,2,60,0,0,0,2,0,70,0,0,0,0,0,0,2,
9,3778,עין חוד,1320,1,1,0,194,137,0,137,0,0,136,0,0,0,0,0,0,0,0,0,0,0,0,0,0,0,0,0,0,0,1,0,0,0,0,0,0,0,
9,3871,שער מנשה,921,1,1,0,136,11,0,11,1,0,0,0,0,0,0,0,0,0,0,0,0,0,0,0,3,0,0,0,0,0,4,0,0,0,0,0,0,3,
9,4054,מי עמי,1128,1,1,0,255,198,2,196,61,1,8,1,0,0,2,0,0,0,0,0,0,0,0,2,9,1,0,0,0,0,111,0,0,0,0,0,0,0,
9,4072,אלוני יצחק,868,1,2,0,120,23,0,23,3,0,0,0,0,0,2,0,0,0,0,0,0,0,0,2,3,0,0,0,0,0,13,0,0,0,0,0,0,0,
9,4077,כפר גליקסון,310,1,1,0,284,214,0,214,59,0,6,0,0,0,4,0,0,0,0,0,0,0,0,6,14,1,0,0,0,0,124,0,0,0,0,0,0,0,
9,4078,מבוא דותן,3569,1,1,0,290,210,2,208,4,10,0,0,0,0,43,0,0,0,0,0,0,0,0,4,103,2,0,0,19,0,15,0,0,0,0,0,0,8,
9,4079,מצפה אילן,1370,1,1,0,229,204,0,204,0,2,0,0,0,0,147,0,0,0,0,0,0,0,0,0,40,0,0,0,2,0,12,1,0,0,0,0,0,0,
9,4082,ריחן,3568,1,1,0,207,156,0,156,10,1,2,0,0,0,16,0,0,0,0,0,0,0,0,7,44,0,0,0,3,0,72,0,0,0,0,0,0,1,
10,4512,בית ינאי,200,1,1,0,297,192,0,192,31,0,5,0,0,0,1,0,0,0,0,0,0,0,0,1,16,0,0,0,0,0,138,0,0,0,0,0,0,0,
10,4513,ביתן אהרן,252,1,3,0,213,77,0,77,5,2,0,0,0,0,2,0,0,0,0,0,0,0,0,3,14,0,0,0,0,0,50,0,0,0,0,0,0,1,
10,4520,גבעת שפירא,1077,1,1,0,215,172,1,171,13,1,5,0,0,0,8,0,0,0,0,0,0,0,0,0,16,0,0,0,0,0,126,0,0,0,0,0,0,2,
10,4524,חבצלת השרון,235,1,1,0,344,224,0,224,24,0,0,1,0,0,5,0,0,0,0,0,0,0,0,5,47,0,0,0,1,0,124,0,0,0,0,0,0,17,
10,4538,נעורים,186,1,1,0,174,73,0,73,5,0,0,1,0,0,1,0,0,0,0,0,0,0,0,10,16,0,0,0,0,0,39,0,0,0,0,0,0,1,
10,4540,צוקי ים,1102,1,2,0,165,119,0,119,24,1,0,0,0,0,2,0,0,0,0,0,0,0,0,1,20,0,0,0,0,0,69,0,0,0,0,0,0,2,
10,4647,יעף,1044,1,1,0,171,140,1,139,23,2,3,0,0,0,3,0,0,0,0,0,0,0,0,0,29,0,0,0,0,0,76,0,1,0,0,0,0,2,
11,5219,גת רימון,128,1,1,0,202,148,0,148,20,0,0,0,0,0,4,0,0,0,0,0,0,0,0,4,36,0,0,0,1,0,80,0,0,0,0,0,0,3,
12,5389,רמלה,8500,63,5,0,466,255,5,250,4,2,0,0,0,0,4,0,0,0,0,0,0,0,0,9,163,0,0,0,0,0,20,0,0,0,0,0,0,48,
12,5452,לוד,7000,23,4,0,672,347,4,343,5,1,261,1,0,0,2,0,0,0,0,0,0,0,1,11,35,0,0,0,1,0,21,0,0,0,0,0,0,4,
12,5614,מודיעיןמכביםרעות,1200,72,20,0,670,532,1,531,31,1,2,1,0,0,35,0,0,0,0,0,0,0,0,23,181,0,0,0,0,0,232,0,0,0,0,0,0,25,
12,5687,בן שמן כפר נוער,1084,1,2,0,236,167,0,167,44,0,3,0,0,0,1,0,0,0,0,0,0,0,0,2,31,0,0,0,1,0,80,0,0,0,0,0,0,5,
12,5693,גני הדר,1103,1,1,0,258,202,0,202,31,1,0,0,0,0,7,0,0,0,0,0,0,0,0,6,34,0,0,0,0,0,123,0,0,0,0,0,0,0,
12,5751,כפר רות,1166,1,1,0,185,149,1,148,14,3,0,0,0,0,13,0,0,0,0,0,0,0,1,3,27,0,0,0,2,0,81,0,0,0,0,0,0,4,
12,5755,מבוא מודיעים,1141,1,1,0,177,99,1,98,2,12,0,0,0,0,25,0,0,0,0,0,0,0,0,0,34,0,0,0,3,0,11,0,0,0,0,0,0,11,
13,5959,ראשון לציון,8300,24,76,0,672,356,0,356,16,2,0,0,0,0,8,0,0,0,0,0,0,0,0,63,144,0,0,0,1,0,111,0,0,0,0,0,0,11,
13,6064,ראשון לציון,8300,187,27,0,518,391,0,391,18,1,0,0,0,0,17,0,0,0,0,0,0,0,0,16,161,0,0,0,0,0,148,0,0,1,0,0,0,29,
13,6088,ראשון לציון,8300,243,125,0,575,391,1,390,14,2,0,0,0,0,14,0,0,0,0,0,0,0,0,48,174,0,0,0,0,0,116,0,0,1,0,0,0,21,
13,6150,גיבתון,196,1,1,0,265,217,1,216,41,2,0,2,0,0,4,0,0,0,0,0,0,0,0,6,33,0,0,0,0,0,126,0,1,0,0,0,0,1,
13,6327,בית עובד,202,1,1,0,250,187,0,187,30,0,1,0,0,0,0,0,0,0,0,0,0,0,0,3,22,0,0,0,0,0,131,0,0,0,0,0,0,0,
13,6328,גן שורק,311,1,1,0,264,206,0,206,17,1,4,0,0,0,6,0,0,0,0,0,0,0,0,4,46,0,0,0,0,0,128,0,0,0,0,0,0,0,
13,6329,מחנה הילה,1411,1,1,0,127,99,0,99,5,0,0,1,0,0,12,0,0,0,0,0,0,0,0,1,13,0,0,0,0,0,67,0,0,0,0,0,0,0,
13,6387,עיינות,156,1,1,0,115,50,0,50,6,0,1,0,0,0,4,0,0,0,0,0,0,0,0,1,17,0,0,0,0,0,21,0,0,0,0,0,0,0,
13,6463,יסודות,440,1,1,0,317,290,0,290,0,274,0,0,0,0,5,0,0,0,0,0,0,0,0,1,4,0,0,0,0,0,0,0,0,0,1,0,0,5,
13,6482,נצר חזני,1372,1,1,0,261,227,0,227,0,18,0,0,0,0,113,0,0,0,0,0,0,0,0,0,69,0,0,0,10,0,4,0,0,0,0,0,0,13,
13,6500,בית רבן,848,1,1,0,331,248,0,248,0,13,0,0,0,0,122,0,0,0,0,0,0,0,0,0,77,0,0,0,6,0,1,0,0,0,0,0,0,29,
13,6568,כרם יבנה ישיבה,1094,1,1,0,157,144,0,144,1,30,0,0,0,0,101,0,0,0,0,0,0,0,0,0,4,0,0,0,0,0,0,0,0,0,0,0,0,8,
17,8510,אשקלון,7100,11,22,0,707,473,4,469,3,7,0,0,0,0,6,0,0,0,0,0,0,0,0,245,144,0,0,0,4,0,47,0,0,0,0,0,0,13,
17,8537,אשקלון,7100,38,25,0,592,266,2,264,2,2,0,0,0,0,5,0,0,0,0,0,0,0,0,67,131,0,0,0,0,0,20,0,0,0,0,0,0,37,
17,8554,אשקלון,7100,55,9,0,536,297,3,294,5,4,0,0,0,0,4,0,0,0,0,0,0,0,0,49,161,0,0,0,2,0,31,0,0,0,0,0,0,38,
17,8637,אשקלון,7100,140,22,0,571,305,4,301,5,1,0,0,0,0,6,0,0,0,0,0,1,0,0,105,104,0,0,0,0,0,63,0,0,0,0,0,0,16,
17,8804,אשדוד,70,114,63,0,456,297,0,297,5,5,0,0,0,0,17,0,0,0,0,0,0,0,0,30,142,0,0,0,0,0,66,0,0,0,0,0,0,32,
17,8832,אשדוד,70,140,53,0,613,374,1,373,3,2,0,0,0,0,4,0,0,0,0,0,0,0,0,174,83,0,0,0,0,0,91,0,0,1,0,0,0,15,
17,8853,אשדוד,70,161,51,0,688,452,2,450,7,1,0,0,0,0,5,0,0,0,0,0,0,0,0,185,138,0,0,0,0,0,80,2,0,0,0,0,0,32,
17,8873,אשדוד,70,182,68,0,687,624,1,623,0,463,0,0,0,0,2,0,0,0,0,0,0,0,0,0,7,0,0,0,0,0,1,0,0,0,0,0,0,150,
17,8890,אשדוד,70,201,52,0,658,462,1,461,15,3,0,0,0,0,22,0,0,0,0,0,0,0,0,12,251,0,0,0,6,0,101,0,0,0,0,0,0,51,
17,8933,אשדוד,70,247,48,0,582,372,0,372,14,2,0,1,0,0,10,0,0,0,0,0,0,0,0,42,188,1,0,0,1,0,69,0,1,0,0,0,0,43,
17,8934,אשדוד,70,248,6,0,647,176,0,176,3,7,1,1,0,0,0,0,0,0,0,1,0,0,0,34,76,0,0,0,3,0,21,0,0,0,0,0,0,29,
17,8946,אשדוד,70,266,80,0,499,359,0,359,5,2,0,0,0,0,10,0,0,0,0,0,0,0,0,42,178,0,0,0,1,0,83,0,0,0,0,0,0,38,
17,9022,קרית גת,2630,39,11,0,457,339,0,339,14,23,0,0,0,0,28,0,0,0,0,0,0,0,0,16,145,0,0,0,4,0,59,0,0,0,0,0,0,50,
17,9050,קרית גת,2630,73,17,0,654,532,2,530,5,225,0,0,0,0,23,0,0,0,0,0,0,0,0,7,136,0,0,0,1,0,51,0,0,0,0,0,0,82,
17,9118,אחווה,1157,1,1,0,185,143,0,143,13,0,0,0,0,0,3,0,0,0,1,0,0,0,0,7,28,0,1,0,0,0,88,0,0,0,0,0,0,2,
17,9120,איבים,338,1,1,0,126,35,0,35,0,0,0,0,0,0,2,0,0,0,0,0,0,0,0,0,28,0,0,0,1,0,1,0,0,0,0,0,0,3,
17,9121,איתן,37,1,1,0,350,274,1,273,1,14,0,0,0,0,22,0,0,0,0,0,0,0,0,0,176,1,0,0,5,0,6,0,0,0,0,0,0,48,
17,9122,אלומה,1145,1,2,0,330,280,0,280,0,74,0,0,0,0,8,0,0,0,0,0,0,0,0,0,14,0,0,0,2,0,0,0,0,0,0,0,0,182,
17,9123,אליאב,1365,1,1,0,224,197,1,196,24,0,1,0,0,0,59,0,0,0,0,0,0,0,0,3,21,0,0,0,0,0,88,0,0,0,0,0,0,0,
17,9144,גברעם,342,1,1,0,316,239,1,238,44,1,0,1,0,0,6,0,0,0,0,0,0,0,0,13,26,1,0,0,1,0,142,0,0,0,0,1,0,2,
17,9150,ורדון,1133,1,1,0,222,172,0,172,20,4,3,0,0,0,8,0,0,0,0,0,0,0,0,6,67,0,0,0,0,0,48,0,0,0,0,0,0,16,
17,9152,זוהר,44,1,1,0,264,203,0,203,5,6,0,0,0,0,11,0,0,0,0,0,0,0,0,5,129,0,0,0,1,0,24,0,0,0,0,0,0,22,
17,9171,כפר סילבר,107,1,1,0,87,34,0,34,4,0,0,0,0,0,1,0,0,0,0,0,0,0,0,1,9,0,0,0,1,0,18,0,0,0,0,0,0,0,
17,9173,כרמי קטיף,1374,1,1,0,246,213,0,213,0,1,0,0,0,0,180,0,0,0,0,0,0,0,0,1,26,0,0,0,4,0,0,0,0,0,0,0,0,1,
17,9177,מחנה מרים,1414,1,1,0,105,83,1,82,7,0,1,0,0,0,7,0,0,0,0,0,0,0,0,2,17,0,0,0,0,0,46,0,0,0,0,0,0,2,
17,9189,נועם,15,1,1,0,313,235,1,234,1,2,0,0,0,0,5,0,0,0,0,0,0,0,0,0,175,0,0,0,2,0,7,0,0,0,0,0,0,42,
17,9192,נטע,1369,1,1,0,245,218,2,216,0,9,0,0,0,0,180,0,0,0,0,0,0,0,0,0,17,0,0,0,1,0,4,0,0,0,0,0,0,5,
17,9197,ניצנים,359,1,1,0,343,254,2,252,78,2,0,0,0,0,2,0,0,0,0,0,0,0,0,3,7,0,0,0,0,0,160,0,0,0,0,0,0,0,
17,9223,שקף,1233,1,1,0,293,239,0,239,47,0,0,1,0,0,7,0,0,0,0,0,0,0,0,4,50,0,0,0,0,0,128,1,0,0,0,0,0,1,
18,9311,הר עמשא,1261,1,1,0,115,82,0,82,25,0,1,0,0,0,6,0,1,0,0,2,0,0,0,4,11,0,0,0,0,1,31,0,0,0,0,0,0,0,
18,9313,מעון,3657,1,1,0,301,215,0,215,0,9,0,0,0,0,159,0,0,0,0,0,0,0,0,1,31,0,0,0,14,0,1,0,0,0,0,0,0,0,
18,9314,מצדות יהודה,3745,1,1,0,329,253,1,252,3,6,0,0,0,0,191,0,0,0,0,0,0,0,0,2,35,0,0,0,3,0,4,0,0,0,0,0,0,8,
18,9315,נווה זוהר,1057,1,1,0,55,21,0,21,3,0,1,0,0,0,1,0,0,0,0,0,0,0,0,0,9,0,0,0,1,1,5,0,0,0,0,0,0,0,
18,9404,מלילות,2044,1,1,0,275,219,0,219,4,4,0,0,0,0,13,0,0,0,0,0,0,0,0,4,152,0,0,0,5,0,9,0,0,0,0,0,0,28,
18,9462,תושיה,1083,1,1,0,316,254,0,254,0,10,0,1,0,0,135,0,0,0,0,0,0,0,0,1,95,0,0,0,5,0,1,0,0,0,0,0,0,6,
18,9473,באר שבע,9000,15,15,0,463,212,3,209,5,2,9,0,0,0,3,1,1,0,0,0,0,0,0,41,95,0,0,0,2,0,22,0,0,0,1,0,0,27,
18,9481,באר שבע,9000,29,34,0,478,203,0,203,1,1,5,1,1,0,2,0,0,0,0,0,0,0,0,16,129,0,0,0,1,0,13,0,0,0,0,1,0,32,
18,9638,באר שבע,9000,174,71,0,668,344,6,338,6,1,1,0,0,0,3,0,0,0,0,0,0,0,0,106,153,0,0,0,3,0,32,0,0,0,0,0,1,32,
18,9679,באר שבע,9000,137,58,0,314,164,2,162,4,2,0,0,0,0,3,0,0,0,0,0,0,0,0,53,74,0,0,0,0,0,20,0,0,0,0,1,1,4,
18,9775,אילות,1126,1,1,0,253,164,0,164,53,0,3,0,0,0,0,0,0,0,0,0,0,0,0,4,16,0,0,0,0,0,88,0,0,0,0,0,0,0,
18,9795,אילת,2600,19,2,0,522,56,1,55,5,0,4,0,0,0,1,0,0,0,0,0,0,0,0,1,26,0,0,0,0,0,15,0,0,0,0,0,0,3,
18,9859,אליפז,1248,1,1,0,113,74,1,73,8,0,0,0,0,0,1,0,0,0,0,0,0,0,0,5,10,0,0,0,0,0,49,0,0,0,0,0,0,0,
18,9861,גרופית,1129,1,1,0,289,169,0,169,35,0,1,0,0,0,2,0,0,0,0,0,0,0,0,3,19,0,0,0,0,0,108,1,0,0,0,0,0,0,
18,9862,יהל,1158,1,1,0,217,121,1,120,28,0,1,0,0,0,0,0,0,0,0,0,0,0,0,4,18,0,0,0,0,5,64,0,0,0,0,0,0,0,
18,9864,לוטן,1255,1,1,0,158,87,0,87,41,1,2,0,0,0,2,0,0,0,0,0,0,0,0,4,6,0,0,0,0,0,31,0,0,0,0,0,0,0,
18,9865,מחנה יוכבד,1416,1,1,0,114,74,0,74,2,0,0,0,0,0,3,0,0,0,0,0,0,0,0,2,13,1,0,0,0,0,51,0,0,0,0,0,0,2,
18,9866,נאות סמדר,1197,1,1,0,260,150,1,149,28,0,1,0,0,0,1,0,0,0,0,0,0,0,0,1,16,0,0,0,0,0,101,0,0,0,0,0,0,1,
18,9867,סמר,1156,1,1,0,230,147,0,147,75,0,5,0,0,0,0,0,0,0,0,0,0,0,0,2,3,0,0,0,0,0,62,0,0,0,0,0,0,0,
18,9869,שחרות,1266,1,1,0,130,68,0,68,22,0,0,0,0,0,0,0,0,0,0,0,0,0,0,7,5,0,0,0,0,0,33,1,0,0,0,0,0,0,
18,9971,סייד שבט,1170,1,1,0,239,75,0,75,2,0,59,0,0,0,0,0,0,1,0,0,0,0,0,0,9,0,0,0,0,0,4,0,0,0,0,0,0,0,
18,9976,עוקבי בנו עוקבה,957,1,1,0,292,174,0,174,4,0,168,0,0,0,0,0,0,0,0,0,0,0,0,0,0,0,0,0,1,0,1,0,0,0,0,0,0,0,
18,9977,עטאוונה שבט,969,1,1,0,110,31,0,31,0,0,30,0,0,0,0,0,0,0,0,0,0,0,0,0,1,0,0,0,0,0,0,0,0,0,0,0,0,0,
18,9993,קוואעין שבט,972,1,1,0,489,118,1,117,0,0,93,0,0,0,0,0,0,0,0,1,0,0,0,0,21,0,0,0,0,0,2,0,0,0,0,0,0,0,
18,10078,טללים,1177,1,1,0,330,234,1,233,38,0,0,0,0,0,11,0,0,0,0,0,0,0,0,10,49,0,0,0,0,0,123,0,0,0,0,0,0,2,
18,10080,כמהין,1291,1,1,0,234,171,2,169,40,1,3,0,0,0,16,0,0,0,0,0,0,0,0,7,26,1,0,0,0,0,75,0,0,0,0,0,0,0,
18,10081,כרמים,1198,1,1,0,215,168,1,167,43,0,2,0,0,0,34,0,0,0,0,0,0,0,0,0,19,1,0,0,0,0,68,0,0,0,0,0,0,0,
18,10091,מחנה יפה,1415,1,1,0,203,164,1,163,9,0,0,0,0,0,25,0,0,0,0,0,0,0,0,4,46,1,0,0,0,0,78,0,0,0,0,0,0,0,
18,10107,ניצנה קהילת חינוך,1195,1,1,0,204,66,1,65,6,0,5,0,0,0,11,0,0,0,0,0,0,0,0,3,14,0,0,0,0,0,25,0,0,0,0,0,0,1,
18,10108,ניצני סיני,1280,1,1,0,205,129,0,129,22,0,0,0,0,0,10,0,0,0,0,0,0,0,0,11,26,0,0,0,0,0,60,0,0,0,0,0,0,0,
18,10109,סנסנה,3777,1,1,0,259,236,0,236,1,3,0,0,0,0,185,0,0,0,0,0,0,0,0,0,35,0,0,0,0,0,10,0,0,0,0,0,0,2,
18,10122,רתמים,1260,1,1,0,236,195,2,193,8,0,0,0,0,0,116,0,0,0,0,0,0,0,0,0,33,1,0,0,6,0,29,0,0,0,0,0,0,0,
18,10124,שומריה,1265,1,1,0,334,279,0,279,0,59,0,0,0,0,170,0,0,0,0,0,0,0,0,0,36,0,0,0,2,0,4,0,0,0,0,0,0,8,
19,10270,גבעת חן,207,1,1,0,301,249,1,248,40,0,4,0,0,0,5,0,0,0,0,0,0,0,0,6,25,0,0,0,0,0,168,0,0,0,0,0,0,0,
19,10273,חורשים,355,1,1,0,296,196,0,196,67,0,2,0,0,0,3,0,0,0,0,0,0,0,0,4,32,0,0,0,0,0,88,0,0,0,0,0,0,0,
19,10287,כפר מלל,98,1,1,0,281,223,0,223,37,0,1,1,0,0,7,0,0,0,0,0,0,0,0,8,33,1,0,0,1,0,134,0,0,0,0,0,0,0,
19,10369,כפר סבא,6900,78,3,0,487,337,1,336,18,0,1,2,0,0,15,0,0,0,0,0,0,0,0,19,135,0,0,0,0,0,128,0,0,1,0,0,1,16,
19,10449,גני עם,218,1,1,0,212,167,0,167,32,0,0,0,0,0,6,0,0,0,0,0,0,0,0,2,29,0,0,0,0,0,98,0,0,0,0,0,0,0,
19,10522,ירקונה,183,1,1,0,308,225,0,225,23,0,0,0,0,0,4,0,0,0,0,0,0,0,0,1,29,0,0,0,0,0,166,0,0,0,0,0,0,2,
19,10525,עדנים,2035,1,1,0,295,235,0,235,21,0,3,0,0,0,2,0,0,0,0,0,0,0,0,4,48,0,0,0,1,0,155,0,0,0,0,0,0,1,
