סמל ועדה,שם ישוב,סמל ישוב,בזב,מצביעים,פסולים,כשרים,אמת,ג,ודעם,ז,זך,זץ,טב,י,יז,ינ,יף,יק,יר,כ,כן,ל,מחל,נ,נז,ני,נץ,נק,פה,ףז,ץ,ק,קי,קך,קץ,שס,
3,אור הגנוז,1294,281,184,0,184,2,83,0,0,0,0,3,0,0,0,0,0,0,0,0,0,31,0,0,0,6,0,1,0,0,0,0,0,0,58,
17,אחווה,1157,185,143,0,143,13,0,0,0,0,0,3,0,0,0,1,0,0,0,0,7,28,0,1,0,0,0,88,0,0,0,0,0,0,2,
17,אליאב,1365,224,197,1,196,24,0,1,0,0,0,59,0,0,0,0,0,0,0,0,3,21,0,0,0,0,0,88,0,0,0,0,0,0,0,
4,אפיק,4301,259,176,0,176,34,0,1,0,0,0,5,0,0,0,0,0,0,0,0,11,21,0,0,0,3,0,101,0,0,0,0,0,0,0,
5,ברק,141,304,219,1,218,13,0,0,0,0,0,5,0,0,0,0,0,0,0,0,4,92,0,0,0,1,0,93,0,0,0,0,0,0,10,
5,גדעונה,442,293,227,1,226,14,4,0,0,0,0,4,0,0,0,0,0,0,0,0,7,121,0,0,0,3,0,46,0,0,0,0,0,0,27,
5,דבורה,146,228,157,3,154,11,0,0,0,0,0,2,0,0,0,0,0,0,0,0,4,40,0,0,0,1,0,92,0,0,0,0,1,0,3,
5,דברת,407,327,230,2,228,27,0,0,0,0,0,1,0,0,0,0,0,0,0,0,7,24,0,1,0,0,0,164,0,0,0,0,0,0,4,
3,דישון,2063,296,198,1,197,7,1,0,0,0,0,14,0,0,0,0,0,0,0,0,6,104,4,0,0,4,0,39,0,0,0,0,0,0,18,
18,הר עמשא,1261,115,82,0,82,25,0,1,0,0,0,6,0,1,0,0,2,0,0,0,4,11,0,0,0,0,1,31,0,0,0,0,0,0,0,
3,כפר שמאי,605,335,263,0,263,11,13,1,0,0,0,30,0,0,0,0,0,0,1,0,1,143,1,0,0,4,0,13,0,0,0,0,0,0,45,
4,מיצר,4019,125,90,0,90,13,0,2,1,0,0,5,0,0,0,0,0,0,0,0,3,8,0,0,0,1,0,57,0,0,0,0,0,0,0,
18,מצדות יהודה,3745,329,253,1,252,3,6,0,0,0,0,191,0,0,0,0,0,0,0,0,2,35,0,0,0,3,0,4,0,0,0,0,0,0,8,
4,מצפה,58,130,92,0,92,12,0,0,0,0,0,1,0,0,0,0,0,0,0,0,3,26,1,0,0,0,0,49,0,0,0,0,0,0,0,
18,נווה זוהר,1057,55,21,0,21,3,0,1,0,0,0,1,0,0,0,0,0,0,0,0,0,9,0,0,0,1,1,5,0,0,0,0,0,0,0,
5,נורית,833,111,93,0,93,7,2,1,0,0,0,6,0,1,0,0,0,0,0,0,1,31,0,0,0,1,0,41,0,0,0,0,0,0,2,
18,ניצנה קהילת חינוך,1195,204,66,1,65,6,0,5,0,0,0,11,0,0,0,0,0,0,0,0,3,14,0,0,0,0,0,25,0,0,0,0,0,0,1,
18,עטאוונה שבט,969,110,31,0,31,0,0,30,0,0,0,0,0,0,0,0,0,0,0,0,0,1,0,0,0,0,0,0,0,0,0,0,0,0,0,
3,עין קנייא,4502,146,16,0,16,0,0,0,0,0,0,0,0,0,0,0,0,0,0,0,0,8,0,0,0,0,0,8,0,0,0,0,0,0,0,
3,עמוקה,1212,143,97,2,95,20,0,3,0,0,0,4,0,0,0,0,0,0,0,0,2,11,0,0,0,0,1,53,0,0,0,0,0,0,1,
5,פרזון,2053,290,216,1,215,11,3,0,0,0,0,15,0,0,0,0,0,0,0,0,1,138,1,0,0,5,0,30,0,0,0,0,0,1,10,
3,שפר,846,321,227,0,227,13,5,0,0,0,0,9,0,0,0,0,0,0,0,0,1,138,1,0,0,2,0,39,0,0,0,0,0,0,19,
3,אביבים,1115,332,246,0,246,0,4,0,0,0,0,2,0,0,0,0,0,0,0,0,0,175,0,0,0,0,0,4,0,0,0,0,0,0,61,
2,אדורה,3759,246,191,0,191,5,4,1,0,0,0,60,0,0,0,0,0,0,0,0,4,72,1,0,0,9,0,32,0,0,0,0,0,0,3,
5,אדירים,113,233,183,0,183,0,1,0,0,0,0,2,0,0,0,0,0,0,0,0,0,110,0,0,0,2,0,10,0,0,0,0,0,0,58,
3,אודם,4010,121,89,0,89,10,0,1,1,0,0,5,0,0,0,0,0,0,0,0,2,14,0,0,0,1,0,54,0,0,0,0,0,0,1,
3,אורטל,4013,248,177,0,177,31,0,0,0,0,0,11,0,0,0,0,0,0,0,0,2,21,0,0,0,0,0,110,0,0,0,0,0,0,2,
17,איבים,338,126,35,0,35,0,0,0,0,0,0,2,0,0,0,0,0,0,0,0,0,28,0,0,0,1,0,1,0,0,0,0,0,0,3,
9,אלעריאן,1316,127,104,1,103,0,0,102,0,0,0,0,0,0,0,0,0,0,0,0,0,0,0,0,0,0,0,0,0,0,0,0,0,0,1,
3,אלרום,4003,343,252,2,250,61,0,1,0,0,0,9,0,0,0,0,0,0,0,0,19,38,1,0,0,0,0,121,0,0,0,0,0,0,0,
17,אלומה,1145,330,280,0,280,0,74,0,0,0,0,8,0,0,0,0,0,0,0,0,0,14,0,0,0,2,0,0,0,0,0,0,0,0,182,
4,אלומות,330,300,210,0,210,50,1,0,0,0,0,8,0,0,0,0,0,0,0,0,4,24,0,0,0,1,0,119,0,0,0,0,0,0,3,
3,אלוני הבשן,4017,221,152,0,152,3,1,0,1,0,0,78,0,0,0,0,0,0,0,0,0,61,0,0,0,2,0,4,0,0,0,0,0,0,2,
9,אלוני יצחק,868,120,23,0,23,3,0,0,0,0,0,2,0,0,0,0,0,0,0,0,2,3,0,0,0,0,0,13,0,0,0,0,0,0,0,
18,אליפז,1248,113,74,1,73,8,0,0,0,0,0,1,0,0,0,0,0,0,0,0,5,10,0,0,0,0,0,49,0,0,0,0,0,0,0,
2,אלמוג,3556,193,135,1,134,31,1,0,0,0,0,5,0,0,0,0,0,0,0,0,2,26,1,0,0,0,0,68,0,0,0,0,0,0,0,
4,אמנון,1253,305,224,0,224,18,3,0,0,0,0,14,0,0,0,0,0,0,0,0,15,99,1,0,0,1,0,63,0,0,0,0,0,0,10,
18,אשל הנשיא,2021,114,73,0,73,7,0,0,0,0,0,10,0,0,0,0,0,0,0,0,3,26,0,0,0,0,0,27,0,0,0,0,0,0,0,
9,בית אורן,317,321,208,1,207,50,1,1,1,0,0,4,0,0,0,0,0,0,0,0,1,22,0,0,0,1,0,125,0,0,0,0,1,0,0,
5,בית זיד,353,113,74,1,73,19,0,1,0,0,0,0,0,0,0,0,0,0,1,0,1,3,0,0,0,0,0,41,0,0,5,1,0,0,1,
13,בית עובד,202,250,187,0,187,30,0,1,0,0,0,0,0,0,0,0,0,0,0,0,3,22,0,0,0,0,0,131,0,0,0,0,0,0,0,
9,בית צבי,212,68,33,0,33,0,20,0,0,0,0,1,0,0,0,0,0,0,0,0,0,7,0,0,0,1,0,0,0,0,0,0,0,0,4,
12,בן שמן כפר נוער,1084,236,167,0,167,44,0,3,0,0,0,1,0,0,0,0,0,0,0,0,2,31,0,0,0,1,0,80,0,0,0,0,0,0,5,
18,ברוש,2060,342,272,0,272,18,0,0,0,0,0,19,0,0,0,0,0,0,0,0,9,159,1,0,0,1,0,39,0,0,0,0,0,0,26,
18,גבעולים,2014,296,249,1,248,3,4,0,0,0,0,7,0,0,0,0,0,0,0,0,0,190,0,0,0,3,0,15,0,0,1,0,0,0,25,
19,גבעת חן,207,301,249,1,248,40,0,4,0,0,0,5,0,0,0,0,0,0,0,0,6,25,0,0,0,0,0,168,0,0,0,0,0,0,0,
17,גברעם,342,316,239,1,238,44,1,0,1,0,0,6,0,0,0,0,0,0,0,0,13,26,1,0,0,1,0,142,0,0,0,0,1,0,2,
5,גדיש,145,282,210,0,210,2,2,0,0,0,0,7,0,0,0,0,0,0,0,0,2,168,0,0,0,3,0,8,0,0,0,0,0,0,18,
3,גונן,852,343,234,0,234,56,0,1,0,0,0,2,0,0,0,0,0,0,0,0,6,13,0,0,0,0,0,156,0,0,0,0,0,0,0,
2,גיזו,1043,146,113,0,113,22,1,0,0,0,0,4,0,0,0,0,0,0,0,0,1,50,0,0,0,0,0,32,0,0,0,0,0,0,3,
13,גן שורק,311,264,206,0,206,17,1,4,0,0,0,6,0,0,0,0,0,0,0,0,4,46,0,0,0,0,0,128,0,0,0,0,0,0,0,
12,גני הדר,1103,258,202,0,202,31,1,0,0,0,0,7,0,0,0,0,0,0,0,0,6,34,0,0,0,0,0,123,0,0,0,0,0,0,0,
19,גני עם,218,212,167,0,167,32,0,0,0,0,0,6,0,0,0,0,0,0,0,0,2,29,0,0,0,0,0,98,0,0,0,0,0,0,0,
18,גרופית,1129,289,169,0,169,35,0,1,0,0,0,2,0,0,0,0,0,0,0,0,3,19,0,0,0,0,0,108,1,0,0,0,0,0,0,
4,גשור,4022,220,153,2,151,14,0,0,5,0,0,2,0,0,0,0,0,0,0,0,11,30,0,0,0,1,0,86,0,0,0,0,0,0,2,
9,דור,738,285,222,0,222,14,0,1,0,0,0,5,0,0,0,0,1,0,0,0,3,52,0,0,0,0,0,143,0,0,0,0,0,0,3,
4,האון,702,154,87,1,86,20,2,0,1,0,0,2,0,0,0,0,0,0,0,0,5,12,0,0,0,0,0,40,0,0,0,0,0,0,4,
2,הראל,464,220,120,0,120,45,0,5,0,0,0,0,0,0,0,0,0,0,0,0,0,7,0,0,0,0,0,63,0,0,0,0,0,0,0,
17,ורדון,1133,222,172,0,172,20,4,3,0,0,0,8,0,0,0,0,0,0,0,0,6,67,0,0,0,0,0,48,0,0,0,0,0,0,16,
17,זוהר,44,264,203,0,203,5,6,0,0,0,0,11,0,0,0,0,0,0,0,0,5,129,0,0,0,1,0,24,0,0,0,0,0,0,22,
18,זרועה,2064,305,229,0,229,3,7,0,0,0,0,9,0,0,0,0,0,0,0,0,0,151,0,0,0,4,0,20,0,0,0,0,0,0,35,
2,חברון,3400,297,216,1,215,0,21,0,0,0,0,98,0,0,0,0,0,0,0,0,1,45,0,0,0,39,0,2,0,0,0,0,0,2,7,
2,חגי,3764,335,262,0,262,0,16,0,0,0,0,179,0,0,0,0,0,0,0,0,0,57,0,0,0,8,0,0,0,0,0,0,0,0,2,
19,חורשים,355,296,196,0,196,67,0,2,0,0,0,3,0,0,0,0,0,0,0,0,4,32,0,0,0,0,0,88,0,0,0,0,0,0,0,
3,חזון,1047,257,227,0,227,2,7,0,0,0,0,15,0,0,0,0,0,0,0,0,0,155,0,0,0,3,0,12,0,0,0,0,0,0,33,
18,טללים,1177,330,234,1,233,38,0,0,0,0,0,11,0,0,0,0,0,0,0,0,10,49,0,0,0,0,0,123,0,0,0,0,0,0,2,
4,טפחות,1214,246,203,0,203,1,2,0,0,0,0,83,0,0,0,0,0,0,0,0,1,94,0,0,0,0,0,3,0,0,0,0,0,0,19,
2,יד השמונה,1134,161,114,0,114,3,0,0,0,0,0,7,0,0,0,0,0,0,0,0,19,37,0,0,0,0,0,48,0,0,0,0,0,0,0,
18,יושיביה,803,337,272,1,271,3,9,0,0,0,0,24,0,0,0,0,0,0,0,0,1,135,0,0,0,1,0,0,0,0,0,0,0,0,98,
3,כדיתה,1338,126,62,2,60,7,6,0,0,0,0,3,0,0,0,0,0,0,0,0,0,25,2,0,0,0,0,16,0,0,0,0,0,0,1,
3,כורזים,1252,336,216,0,216,40,5,1,1,0,0,6,0,0,0,0,0,0,0,0,7,30,1,0,0,0,0,125,0,0,0,0,0,0,0,
4,כלנית,1229,187,155,0,155,0,4,0,0,0,0,19,0,0,0,0,0,0,0,0,0,114,0,0,0,1,0,2,0,0,0,0,0,1,14,
18,כמהין,1291,234,171,2,169,40,1,3,0,0,0,16,0,0,0,0,0,0,0,0,7,26,1,0,0,0,0,75,0,0,0,0,0,0,0,
2,כסלון,859,277,213,0,213,11,1,1,1,0,0,6,0,0,0,0,0,0,0,0,3,129,0,0,0,0,0,16,1,0,0,0,0,0,44,
5,כפר גדעון,106,184,134,0,134,1,50,0,0,0,0,4,0,0,0,0,0,0,0,0,0,36,0,0,0,4,0,13,0,0,0,0,0,0,26,
8,כפר גלים,427,94,49,1,48,4,1,0,0,0,0,1,0,0,0,0,0,0,0,0,5,19,0,0,0,0,0,18,0,0,0,0,0,0,0,
9,כפר גליקסון,310,284,214,0,214,59,0,6,0,0,0,4,0,0,0,0,0,0,0,0,6,14,1,0,0,0,0,124,0,0,0,0,0,0,0,
8,כפר המכבי,254,307,215,0,215,40,0,0,1,0,0,1,0,0,0,0,0,0,0,0,6,15,0,0,0,0,0,152,0,0,0,0,0,0,0,
8,כפר חסידים ב,889,204,155,1,154,2,3,0,0,0,0,33,0,0,0,0,0,0,0,0,4,65,0,0,0,1,0,43,0,0,0,0,0,0,3,
19,כפר מלל,98,281,223,0,223,37,0,1,1,0,0,7,0,0,0,0,0,0,0,0,8,33,1,0,0,1,0,134,0,0,0,0,0,0,0,
17,כפר סילבר,107,87,34,0,34,4,0,0,0,0,0,1,0,0,0,0,0,0,0,0,1,9,0,0,0,1,0,18,0,0,0,0,0,0,0,
12,כפר רות,1166,185,149,1,148,14,3,0,0,0,0,13,0,0,0,0,0,0,0,1,3,27,0,0,0,2,0,81,0,0,0,0,0,0,4,
17,כרמי קטיף,1374,246,213,0,213,0,1,0,0,0,0,180,0,0,0,0,0,0,0,0,1,26,0,0,0,4,0,0,0,0,0,0,0,0,1,
18,כרמים,1198,215,168,1,167,43,0,2,0,0,0,34,0,0,0,0,0,0,0,0,0,19,1,0,0,0,0,68,0,0,0,0,0,0,0,
4,לבנים,1230,322,240,0,240,23,0,1,0,0,0,15,0,0,0,0,0,0,0,0,4,92,1,0,0,0,0,97,0,0,0,0,0,0,7,
9,מאיר שפיה,102,112,54,2,52,3,0,0,0,0,0,0,0,0,0,0,0,0,0,1,7,17,0,0,0,0,0,24,0,0,0,0,0,0,0,
9,מבוא דותן,3569,290,210,2,208,4,10,0,0,0,0,43,0,0,0,0,0,0,0,0,4,103,2,0,0,19,0,15,0,0,0,0,0,0,8,
12,מבוא מודיעים,1141,177,99,1,98,2,12,0,0,0,0,25,0,0,0,0,0,0,0,0,0,34,0,0,0,3,0,11,0,0,0,0,0,0,11,
2,מגדל עוז,3561,259,164,1,163,0,0,0,0,0,0,113,0,0,0,0,0,0,0,1,0,38,1,0,0,1,0,8,0,0,0,0,0,0,1,
5,מחנה יהודית,1413,132,95,1,94,7,0,0,0,0,0,4,0,0,0,0,0,0,0,0,3,33,1,0,0,0,0,43,0,0,0,0,0,0,3,
18,מחנה יפה,1415,203,164,1,163,9,0,0,0,0,0,25,0,0,0,0,0,0,0,0,4,46,1,0,0,0,0,78,0,0,0,0,0,0,0,
17,מחנה מרים,1414,105,83,1,82,7,0,1,0,0,0,7,0,0,0,0,0,0,0,0,2,17,0,0,0,0,0,46,0,0,0,0,0,0,2,
9,מי עמי,1128,255,198,2,196,61,1,8,1,0,0,2,0,0,0,0,0,0,0,0,2,9,1,0,0,0,0,111,0,0,0,0,0,0,0,
5,מלאה,164,276,234,2,232,6,1,0,0,0,0,8,0,0,0,0,0,0,0,0,1,163,0,0,0,2,0,22,0,0,0,0,0,0,29,
18,מלילות,2044,275,219,0,219,4,4,0,0,0,0,13,0,0,0,0,0,0,0,0,4,152,0,0,0,5,0,9,0,0,0,0,0,0,28,
3,מנרה,347,212,142,1,141,46,0,1,0,0,0,1,0,0,0,0,0,0,0,1,7,4,0,0,0,0,0,80,0,0,1,0,0,0,0,
4,מסדה,263,271,172,0,172,39,0,4,0,0,0,2,0,0,0,0,0,0,0,0,5,15,0,0,0,0,0,105,0,0,0,0,0,0,2,
4,מעגן,678,328,219,1,218,29,0,0,0,0,0,5,0,0,0,0,0,0,0,0,14,29,0,0,0,0,0,139,0,0,0,0,0,0,2,
18,מעון,3657,301,215,0,215,0,9,0,0,0,0,159,0,0,0,0,0,0,0,0,1,31,0,0,0,14,0,1,0,0,0,0,0,0,0,
9,מצפה אילן,1370,229,204,0,204,0,2,0,0,0,0,147,0,0,0,0,0,0,0,0,0,40,0,0,0,2,0,12,1,0,0,0,0,0,0,
16,מקווה ישראל,22,151,104,0,104,10,0,1,0,0,0,6,0,0,0,0,0,0,0,0,1,30,1,0,0,0,0,54,0,0,0,0,0,0,1,
3,מרגליות,843,342,196,0,196,32,4,1,0,0,0,4,0,0,0,0,0,0,0,0,3,95,0,1,0,3,0,43,0,0,0,0,0,0,10,
18,מרחב עם,1340,202,177,1,176,2,5,0,0,0,0,113,0,0,0,0,0,0,0,0,1,35,0,0,0,4,0,8,0,0,0,0,0,0,8,
3,משגב עם,378,259,169,1,168,59,0,1,0,0,0,2,0,0,0,0,0,0,0,0,11,8,0,0,0,0,0,87,0,0,0,0,0,0,0,
2,נגוהות,3724,142,123,1,122,0,2,0,1,0,0,78,0,0,0,0,0,0,0,0,0,22,0,0,0,15,0,1,0,0,0,0,0,0,3,
3,נווה אטיב,4303,163,98,0,98,10,0,0,0,0,0,11,0,0,0,0,1,0,0,0,1,22,1,0,0,0,0,50,0,0,1,0,0,0,1,
9,נווה ים,312,210,158,0,158,16,0,0,0,0,0,6,0,0,0,0,0,0,0,0,2,60,0,0,0,2,0,70,0,0,0,0,0,0,2,
17,נועם,15,313,235,1,234,1,2,0,0,0,0,5,0,0,0,0,0,0,0,0,0,175,0,0,0,2,0,7,0,0,0,0,0,0,42,
17,נטע,1369,245,218,2,216,0,9,0,0,0,0,180,0,0,0,0,0,0,0,0,0,17,0,0,0,1,0,4,0,0,0,0,0,0,5,
2,נטף,1254,345,246,0,246,111,0,15,0,0,0,4,0,0,0,0,0,0,0,0,1,2,0,0,0,0,0,113,0,0,0,0,0,0,0,
18,ניצני סיני,1280,205,129,0,129,22,0,0,0,0,0,10,0,0,0,0,0,0,0,0,11,26,0,0,0,0,0,60,0,0,0,0,0,0,0,
17,ניצנים,359,343,254,2,252,78,2,0,0,0,0,2,0,0,0,0,0,0,0,0,3,7,0,0,0,0,0,160,0,0,0,0,0,0,0,
2,נעמה,3713,145,88,0,88,2,0,0,0,0,0,9,0,0,0,0,0,0,0,0,3,32,0,0,0,0,0,40,0,0,0,0,0,0,2,
13,נצר חזני,1372,261,227,0,227,0,18,0,0,0,0,113,0,0,0,0,0,0,0,0,0,69,0,0,0,10,0,4,0,0,0,0,0,0,13,
2,נתיב הגדוד,3555,233,167,1,166,46,0,2,1,0,0,5,0,0,0,0,0,0,0,0,6,44,0,0,0,0,0,60,0,0,0,1,1,0,0,
6,סואעד חמרייה,942,150,84,2,82,8,0,70,0,0,0,0,0,0,0,0,0,0,0,0,0,0,0,0,0,0,0,4,0,0,0,0,0,0,0,
18,סמר,1156,230,147,0,147,75,0,5,0,0,0,0,0,0,0,0,0,0,0,0,2,3,0,0,0,0,0,62,0,0,0,0,0,0,0,
18,סנסנה,3777,259,236,0,236,1,3,0,0,0,0,185,0,0,0,0,0,0,0,0,0,35,0,0,0,0,0,10,0,0,0,0,0,0,2,
2,עגור,794,302,242,0,242,10,14,1,0,0,0,2,0,0,0,0,0,0,0,0,1,160,0,0,0,2,0,17,0,0,0,0,0,0,35,
19,עדנים,2035,295,235,0,235,21,0,3,0,0,0,2,0,0,0,0,0,0,0,0,4,48,0,0,0,1,0,155,0,0,0,0,0,0,1,
18,עוקבי בנו עוקבה,957,292,174,0,174,4,0,168,0,0,0,0,0,0,0,0,0,0,0,0,0,0,0,0,0,1,0,1,0,0,0,0,0,0,0,
2,עטרת,3658,299,237,0,237,1,5,0,0,0,0,174,0,0,0,0,0,0,0,0,0,46,0,0,0,9,0,1,0,0,0,0,0,0,1,
3,עין זיוון,4503,281,187,0,187,28,0,0,0,0,0,6,0,0,0,0,0,0,0,0,13,29,0,0,0,1,0,110,0,0,0,0,0,0,0,
9,עין חוד,1320,194,137,0,137,0,0,136,0,0,0,0,0,0,0,0,0,0,0,0,0,0,0,0,0,0,0,1,0,0,0,0,0,0,0,
2,עמיחי,3824,73,66,0,66,0,5,0,0,0,0,29,0,0,0,0,0,0,0,0,0,19,0,0,0,5,0,1,0,0,0,0,0,0,7,
4,פוריה  כפר עבודה,1104,265,184,1,183,1,2,0,0,0,0,12,0,0,0,0,1,0,0,0,2,119,0,0,0,3,0,30,0,0,0,0,0,0,13,
2,פני חבר,3723,229,175,2,173,0,35,0,0,0,0,95,0,0,0,0,0,0,0,0,0,27,0,0,0,7,0,4,0,0,0,0,0,0,5,
3,צבעון,1213,163,138,2,136,59,1,4,0,0,0,8,0,0,1,0,0,0,0,0,1,5,0,0,0,0,0,57,0,0,0,0,0,0,0,
3,קדרים,1211,188,138,0,138,41,0,1,1,0,0,1,0,0,0,0,0,0,0,0,1,13,0,0,0,0,0,79,0,0,0,0,0,1,0,
17,קוממיות,766,253,183,0,183,0,177,0,0,0,0,0,0,0,0,0,0,0,0,0,0,3,0,0,0,0,0,0,0,0,0,0,0,0,3,
3,קלע,4024,220,142,1,141,14,1,0,0,0,0,3,0,0,0,0,0,0,0,0,10,38,0,0,0,0,0,74,0,0,0,0,0,0,1,
2,קרית ענבים,78,305,205,0,205,66,0,3,0,0,0,1,0,0,0,0,0,0,0,0,6,21,1,0,0,0,0,105,0,0,0,0,0,0,2,
9,ריחן,3568,207,156,0,156,10,1,2,0,0,0,16,0,0,0,0,0,0,0,0,7,44,0,0,0,3,0,72,0,0,0,0,0,0,1,
18,רתמים,1260,236,195,2,193,8,0,0,0,0,0,116,0,0,0,0,0,0,0,0,0,33,1,0,0,6,0,29,0,0,0,0,0,0,0,
2,שדות מיכה,27,267,202,0,202,5,1,0,0,0,0,13,0,0,0,0,0,0,0,0,4,111,0,0,0,1,0,14,0,0,0,0,0,0,53,
18,שומריה,1265,334,279,0,279,0,59,0,0,0,0,170,0,0,0,0,0,0,0,0,0,36,0,0,0,2,0,4,0,0,0,0,0,0,8,
18,שחרות,1266,130,68,0,68,22,0,0,0,0,0,0,0,0,0,0,0,0,0,0,7,5,0,0,0,0,0,33,1,0,0,0,0,0,0,
3,שעל,4009,218,166,0,166,13,0,0,0,0,0,6,0,0,0,0,0,0,0,0,7,48,0,0,0,0,0,86,0,0,0,0,0,0,6,
9,שער מנשה,921,136,11,0,11,1,0,0,0,0,0,0,0,0,0,0,0,0,0,0,0,3,0,0,0,0,0,4,0,0,0,0,0,0,3,
17,שקף,1233,293,239,0,239,47,0,0,1,0,0,7,0,0,0,0,0,0,0,0,4,50,0,0,0,0,0,128,1,0,0,0,0,0,1,
18,שרשרת,398,251,202,1,201,1,12,0,0,0,0,16,0,0,0,0,0,0,0,0,3,121,0,0,0,1,0,10,0,0,0,0,0,0,37,
18,תושיה,1083,316,254,0,254,0,10,0,1,0,0,135,0,0,0,0,0,0,0,0,1,95,0,0,0,5,0,1,0,0,0,0,0,0,6,
2,תירוש,10,331,252,0,252,2,3,0,0,0,0,10,0,0,0,0,0,0,0,0,1,136,0,0,0,1,0,5,0,0,0,0,0,0,94,
4,תל קציר,719,311,221,1,220,45,0,0,0,0,0,5,0,0,0,0,0,0,0,0,15,22,0,0,0,1,0,131,0,0,0,0,0,0,1,
2,תלם,3719,205,164,0,164,0,11,0,0,0,0,74,0,0,0,0,0,0,0,0,5,55,1,0,0,9,0,5,0,0,0,0,0,0,4,
5,אומן,1108,367,231,0,231,5,4,0,0,0,0,8,0,0,0,0,0,0,0,1,31,135,0,0,0,0,0,41,0,0,0,0,0,0,6,
18,אילות,1126,253,164,0,164,53,0,3,0,0,0,0,0,0,0,0,0,0,0,0,4,16,0,0,0,0,0,88,0,0,0,0,0,0,0,
18,אילת,2600,2416,889,1,888,30,8,16,0,0,0,39,0,0,0,0,0,0,0,0,47,431,0,0,0,1,0,259,0,0,1,0,0,1,55,
17,איתן,37,350,274,1,273,1,14,0,0,0,0,22,0,0,0,0,0,0,0,0,0,176,1,0,0,5,0,6,0,0,0,0,0,0,48,
4,אלמגור,1125,294,219,0,219,26,0,5,0,0,0,5,0,0,0,0,0,0,0,0,5,7,0,0,0,2,0,169,0,0,0,0,0,0,0,
17,אשדוד,70,23762,14942,70,14872,285,1599,4,10,0,0,391,1,0,0,0,1,1,2,3,2179,5593,5,1,0,45,1,2585,8,2,3,1,1,2,2149,
17,אשקלון,7100,13026,7539,44,7495,194,105,10,2,0,0,272,1,0,0,0,3,2,0,1,1581,3399,1,4,1,37,0,1226,1,2,2,1,1,1,648,
18,באר שבע,9000,10916,5912,65,5847,198,75,45,10,1,0,173,4,1,0,0,0,0,2,2,956,2888,4,0,1,32,1,885,1,0,2,3,3,3,557,
2,בית הערבה,3645,175,142,0,142,5,0,0,0,0,0,28,0,0,0,0,0,0,0,0,10,55,0,0,0,0,0,41,0,0,0,0,0,0,3,
10,בית ינאי,200,297,192,0,192,31,0,5,0,0,0,1,0,0,0,0,0,0,0,0,1,16,0,0,0,0,0,138,0,0,0,0,0,0,0,
13,בית רבן,848,331,248,0,248,0,13,0,0,0,0,122,0,0,0,0,0,0,0,0,0,77,0,0,0,6,0,1,0,0,0,0,0,0,29,
10,ביתן אהרן,252,213,77,0,77,5,2,0,0,0,0,2,0,0,0,0,0,0,0,0,3,14,0,0,0,0,0,50,0,0,0,0,0,0,1,
10,גבעת שפירא,1077,215,172,1,171,13,1,5,0,0,0,8,0,0,0,0,0,0,0,0,0,16,0,0,0,0,0,126,0,0,0,0,0,0,2,
13,גיבתון,196,265,217,1,216,41,2,0,2,0,0,4,0,0,0,0,0,0,0,0,6,33,0,0,0,0,0,126,0,1,0,0,0,0,1,
2,גלגל,3606,155,91,1,90,10,1,1,0,0,0,5,0,0,0,0,0,0,0,0,2,37,0,0,0,1,0,32,0,0,0,0,0,0,1,
2,גפן,39,266,224,0,224,4,2,0,0,0,0,7,0,0,0,0,0,0,0,0,2,148,0,0,0,4,0,19,0,0,0,0,0,0,38,
11,גת רימון,128,202,148,0,148,20,0,0,0,0,0,4,0,0,0,0,0,0,0,0,4,36,0,0,0,1,0,80,0,0,0,0,0,0,3,
3,דובב,1067,361,250,0,250,2,2,0,0,0,0,7,0,0,0,0,0,0,0,0,0,197,0,0,0,5,0,17,0,0,0,0,0,0,20,
18,דימונה,2200,2270,1249,13,1236,21,17,2,1,1,0,32,0,0,0,0,0,0,0,1,93,744,1,0,0,5,0,141,0,0,2,0,2,0,173,
2,ורד יריחו,3639,238,189,2,187,10,1,0,0,0,0,12,0,0,0,0,0,0,0,0,5,105,0,0,0,2,0,47,1,0,0,0,0,0,4,
10,חבצלת השרון,235,344,224,0,224,24,0,0,1,0,0,5,0,0,0,0,0,0,0,0,5,47,0,0,0,1,0,124,0,0,0,0,0,0,17,
16,חולון,6600,8232,5231,26,5205,223,58,5,2,0,0,119,2,0,0,0,0,1,0,2,320,2141,5,0,0,22,0,1345,1,1,1,1,1,1,954,
13,חפץ חיים,363,335,286,0,286,1,12,0,0,0,0,166,0,0,0,0,0,0,0,0,3,86,0,0,0,4,0,6,0,0,0,0,0,0,8,
18,יהל,1158,217,121,1,120,28,0,1,0,0,0,0,0,0,0,0,0,0,0,0,4,18,0,0,0,0,5,64,0,0,0,0,0,0,0,
2,ייטב,3607,205,160,1,159,2,5,0,3,0,0,64,0,0,0,0,0,0,0,0,8,71,2,0,0,1,0,2,0,0,0,0,0,0,1,
13,יסודות,440,317,290,0,290,0,274,0,0,0,0,5,0,0,0,0,0,0,0,0,1,4,0,0,0,0,0,0,0,0,0,1,0,0,5,
10,יעף,1044,171,140,1,139,23,2,3,0,0,0,3,0,0,0,0,0,0,0,0,0,29,0,0,0,0,0,76,0,1,0,0,0,0,2,
1,ירושלים,3000,82111,48369,319,48050,1649,14314,1581,24,2,0,3744,0,2,2,3,4,4,6,3,947,11395,26,8,2,392,2,4586,12,2,6,7,5,17,9305,
19,ירקונה,183,308,225,0,225,23,0,0,0,0,0,4,0,0,0,0,0,0,0,0,1,29,0,0,0,0,0,166,0,0,0,0,0,0,2,
19,כפר סבא,6900,3500,2626,7,2619,251,7,9,8,0,0,112,0,0,0,0,0,0,0,0,111,618,3,0,0,0,0,1448,0,0,2,0,0,1,49,
13,כרם יבנה ישיבה,1094,157,144,0,144,1,30,0,0,0,0,101,0,0,0,0,0,0,0,0,0,4,0,0,0,0,0,0,0,0,0,0,0,0,8,
12,לוד,7000,6115,3838,31,3807,53,155,1064,3,0,0,188,0,0,0,0,0,0,0,1,319,1317,4,3,0,19,0,367,1,1,2,1,2,4,303,
18,לוטן,1255,158,87,0,87,41,1,2,0,0,0,2,0,0,0,0,0,0,0,0,4,6,0,0,0,0,0,31,0,0,0,0,0,0,0,
12,מודיעיןמכביםרעות,1200,7940,5902,21,5881,503,47,17,11,0,0,754,0,1,0,0,0,0,1,0,250,1729,2,1,0,16,1,2402,2,0,0,0,0,2,142,
13,מחנה הילה,1411,127,99,0,99,5,0,0,1,0,0,12,0,0,0,0,0,0,0,0,1,13,0,0,0,0,0,67,0,0,0,0,0,0,0,
18,מחנה יוכבד,1416,114,74,0,74,2,0,0,0,0,0,3,0,0,0,0,0,0,0,0,2,13,1,0,0,0,0,51,0,0,0,0,0,0,2,
13,מחנה תל נוף,1412,187,141,1,140,9,0,0,0,0,0,8,0,0,0,0,0,0,0,0,4,44,0,0,0,0,0,73,0,0,0,0,0,0,2,
2,מחסיה,776,318,261,0,261,5,9,0,0,0,0,8,0,0,0,0,0,0,0,0,1,158,0,0,0,4,0,24,0,0,0,0,0,0,52,
18,מסלול,748,498,372,1,371,18,5,0,1,0,0,22,0,0,0,0,0,0,0,0,10,180,0,0,0,4,0,104,0,0,0,0,0,0,27,
2,מצפה שלם,3610,251,187,1,186,29,1,0,0,0,0,41,0,0,0,0,0,0,0,0,4,39,0,0,0,1,0,71,0,0,0,0,0,0,0,
18,נאות סמדר,1197,260,150,1,149,28,0,1,0,0,0,1,0,0,0,0,0,0,0,0,1,16,0,0,0,0,0,101,0,0,0,0,0,0,1,
2,נווה שלום,1259,225,171,0,171,46,0,117,0,0,0,0,0,0,0,0,0,0,0,0,0,0,0,0,0,0,0,8,0,0,0,0,0,0,0,
5,נוף הגליל,1061,15618,8632,114,8518,254,114,2435,8,1,0,121,4,0,8,1,1,1,2,1,1429,2911,4,0,1,28,3,961,2,3,6,1,3,7,208,
2,נחליאל,3767,332,252,0,252,2,63,2,0,0,0,62,0,0,0,0,0,0,0,0,0,49,0,0,0,16,0,0,0,0,0,0,0,0,58,
10,נעורים,186,174,73,0,73,5,0,0,1,0,0,1,0,0,0,0,0,0,0,0,10,16,0,0,0,0,0,39,0,0,0,0,0,0,1,
8,נשר,2500,2421,1438,16,1422,55,9,19,3,0,0,35,0,0,0,0,1,0,0,0,370,539,4,0,0,3,0,341,1,0,1,0,0,0,41,
18,סייד שבט,1170,575,167,0,167,3,0,139,0,0,0,0,0,0,1,0,0,0,0,0,0,14,0,0,0,1,0,9,0,0,0,0,0,0,0,
13,עיינות,156,115,50,0,50,6,0,1,0,0,0,4,0,0,0,0,0,0,0,0,1,17,0,0,0,0,0,21,0,0,0,0,0,0,0,
11,פתח תקווה,7900,21706,14295,82,14213,636,349,21,6,2,0,788,0,2,0,2,1,0,1,0,1601,5492,17,4,0,34,1,4275,5,1,3,3,2,4,963,
10,צוקי ים,1102,165,119,0,119,24,1,0,0,0,0,2,0,0,0,0,0,0,0,0,1,20,0,0,0,0,0,69,0,0,0,0,0,0,2,
2,צפרירים,1079,307,207,2,205,32,2,6,0,0,0,5,0,0,0,0,0,0,0,0,4,80,0,0,0,0,0,61,0,0,0,0,0,0,15,
18,קוואעין שבט,972,489,118,1,117,0,0,93,0,0,0,0,0,0,0,0,1,0,0,0,0,21,0,0,0,0,0,2,0,0,0,0,0,0,0,
2,קליה,3601,318,222,0,222,12,1,1,0,0,0,14,0,0,0,0,0,0,0,0,17,49,0,0,0,0,0,127,1,0,0,0,0,0,0,
8,קרית אתא,6800,7506,4573,30,4543,117,56,6,0,2,0,172,1,0,0,0,0,1,0,2,559,2147,4,0,1,17,1,1055,0,0,4,1,2,1,394,
17,קרית גת,2630,11203,7597,65,7532,120,1258,4,2,0,0,264,0,0,2,0,2,0,2,2,909,2856,4,2,3,32,0,925,1,2,5,3,3,2,1129,
8,קרית ים,9600,4944,2684,22,2662,63,18,4,3,0,0,38,1,0,0,0,3,1,1,0,610,1288,1,0,0,15,0,461,0,0,1,0,0,1,153,
13,ראשון לציון,8300,51261,34115,115,34000,1600,273,39,41,2,0,1111,5,1,0,1,2,5,3,2,3204,13119,23,1,1,92,3,12960,8,6,9,2,2,5,1480,
13,רחובות,8400,25846,17323,76,17247,1535,552,86,12,1,0,1019,1,6,1,0,1,0,0,4,1367,5254,12,2,0,105,1,6204,6,3,3,1,4,3,1064,
12,רמלה,8500,7118,4474,48,4426,107,30,149,1,1,0,100,0,2,1,0,1,0,2,1,246,2597,1,1,0,26,2,519,0,0,2,0,0,2,635,
2,תומר,3558,246,189,0,189,15,1,0,0,0,0,14,0,0,0,0,0,0,0,0,5,66,0,0,0,3,0,85,0,0,0,0,0,0,0,
5,אביטל,2052,417,330,0,330,4,10,0,0,0,0,15,0,0,0,0,0,0,0,1,4,240,0,0,0,4,0,29,0,0,0,0,0,0,23,
18,אופקים,31,554,330,0,330,8,6,0,0,0,0,19,0,0,0,0,0,0,0,0,48,186,0,0,0,1,0,25,0,0,0,0,0,0,37,
9,אור עקיבא,1020,1780,1053,11,1042,16,9,0,0,0,0,18,0,0,0,0,1,0,0,0,183,611,1,0,0,6,0,173,0,0,0,0,0,2,22,
5,אחוזת ברק,1330,1713,1304,2,1302,87,2,0,3,0,0,46,0,0,0,0,0,0,0,1,83,535,0,0,0,3,0,516,0,0,0,0,0,0,26,
18,אטרש שבט,965,1110,356,1,355,1,0,333,0,0,0,0,0,0,0,0,0,0,0,0,3,2,0,0,0,0,0,14,0,0,0,1,0,0,1,
4,אליעד,4002,307,222,3,219,26,1,1,0,0,0,16,0,0,0,0,0,0,0,0,14,33,1,0,0,2,0,122,0,0,0,0,0,0,3,
2,אספר,3754,376,282,1,281,0,146,0,0,0,0,77,0,0,0,0,0,0,0,0,0,21,0,0,0,10,0,0,0,0,0,0,0,0,27,
4,אפיקים,176,1086,733,2,731,213,0,7,0,0,0,10,0,0,0,0,1,0,1,0,13,46,0,0,0,2,1,433,1,0,0,0,0,0,3,
2,אפרת,3650,1586,1174,2,1172,11,30,0,1,0,0,611,0,0,0,0,0,0,3,0,4,414,3,0,0,17,0,51,1,0,0,0,0,0,26,
18,אשכולות,3722,338,250,0,250,12,1,0,1,0,0,18,0,0,0,0,0,0,0,0,13,125,1,0,0,0,0,77,0,0,0,0,0,0,2,
9,באקה אלגרביה,6000,3362,2066,14,2052,11,0,2010,0,0,0,3,0,0,3,0,0,0,0,1,0,5,2,1,0,0,0,13,0,0,0,1,0,0,2,
5,בועיינהנוגידאת,482,4321,2745,17,2728,34,0,2560,0,0,0,3,0,0,2,1,0,0,0,0,0,19,0,0,0,1,2,94,1,0,2,1,1,2,5,
13,בית גמליאל,571,395,317,0,317,3,15,1,0,0,0,144,0,0,0,0,0,0,0,0,4,108,0,0,0,1,0,29,0,0,0,0,0,0,12,
5,בית שאן,9200,3761,2598,8,2590,55,28,13,0,0,0,122,1,0,0,1,0,0,0,0,31,1578,0,0,0,20,1,165,0,0,1,0,0,0,574,
2,בית שמש,2610,11884,6827,35,6792,38,3729,1,1,0,0,283,0,0,0,0,1,0,1,0,125,1151,2,0,0,35,0,251,0,0,0,0,0,2,1172,
2,ביתר עילית,3780,7660,6339,39,6300,4,4182,0,0,0,0,40,0,0,0,0,1,0,0,0,3,236,1,0,0,30,0,7,0,1,0,0,0,3,1792,
5,בלפוריה,94,400,331,2,329,35,5,1,1,0,0,10,0,0,0,0,0,0,0,1,10,88,0,0,0,1,0,172,0,0,0,0,0,0,5,
15,בני ברק,6100,4133,2762,26,2736,13,1499,0,1,0,0,22,0,0,0,0,0,0,0,0,41,289,0,0,0,10,0,58,0,0,0,2,0,1,800,
9,בנימינהגבעת עדה,9800,581,440,0,440,90,0,1,0,0,0,14,0,0,0,0,0,0,0,0,11,50,0,0,0,1,0,273,0,0,0,0,0,0,0,
6,גדיידהמכר,1292,2041,1344,4,1340,2,0,1308,0,0,0,1,1,1,2,0,0,0,0,0,1,8,0,0,0,0,1,12,0,1,0,0,1,1,0,
9,גת,628,1227,671,3,668,9,0,650,0,0,0,2,0,0,0,0,0,1,0,0,1,0,0,1,0,0,0,3,0,0,1,0,0,0,0,
2,גבעון החדשה,3644,526,353,2,351,7,3,4,2,1,0,28,0,0,0,0,0,0,0,0,17,175,0,0,1,1,0,101,1,0,0,0,0,1,9,
5,גבעת עוז,703,401,257,1,256,73,0,1,1,0,0,10,0,0,0,0,0,0,0,0,6,16,0,0,0,0,0,147,0,0,0,0,0,0,2,
15,גבעתיים,6300,2196,1557,6,1551,228,10,15,5,0,0,54,0,0,0,0,0,0,1,0,40,312,0,0,0,1,0,864,0,0,1,0,0,0,20,
13,גדרה,2550,609,378,3,375,15,2,3,1,0,0,12,0,0,0,0,0,0,0,2,8,210,0,0,0,1,0,90,0,0,0,0,0,0,31,
15,גליל ים,346,352,275,0,275,77,0,7,0,0,0,3,0,0,0,0,0,0,0,0,4,10,0,0,0,1,0,165,0,0,0,0,0,0,8,
9,גן שמואל,72,871,674,1,673,284,0,5,0,0,0,1,0,0,0,0,0,0,0,0,3,14,0,0,0,0,0,366,0,0,0,0,0,0,0,
4,דגניה א,62,512,341,1,340,96,0,0,1,0,0,2,0,0,0,0,0,0,0,0,8,22,0,0,0,0,0,210,0,0,0,0,0,0,1,
17,דורות,336,554,408,0,408,120,1,2,0,0,0,9,0,0,0,0,0,0,0,0,4,32,1,0,0,1,0,235,0,0,0,0,0,0,3,
5,דחי,475,511,292,4,288,3,0,276,0,0,0,1,0,0,0,0,0,0,0,0,0,3,0,0,0,0,0,4,0,0,0,0,0,0,1,
19,הוד השרון,9700,666,521,1,520,63,0,1,2,0,0,10,0,0,0,0,0,0,0,0,13,86,0,0,0,0,0,340,0,0,0,0,0,0,5,
5,חבר,1110,362,259,0,259,8,1,0,0,0,0,7,0,0,0,0,0,0,0,0,14,147,1,0,0,3,0,59,1,0,0,0,0,0,18,
9,חדרה,6500,4732,2788,16,2772,89,33,4,3,2,0,66,0,0,1,0,0,0,0,1,331,1351,1,1,0,5,0,640,0,0,3,0,0,0,241,
18,חורה,1303,512,338,4,334,3,0,314,0,0,0,0,0,0,1,0,0,0,0,0,0,2,0,1,0,0,0,12,0,0,0,1,0,0,0,
3,חצור הגלילית,2034,4179,3112,6,3106,40,724,3,0,0,0,124,0,0,0,0,0,0,0,0,104,1501,1,0,0,10,0,180,0,0,0,0,0,0,419,
9,חרמש,3717,207,132,0,132,3,0,0,2,0,0,12,0,0,0,0,0,0,0,0,19,60,0,0,0,6,0,28,0,0,0,0,0,0,2,
4,טבריה,6700,24897,15050,73,14977,231,988,33,7,1,0,375,3,0,0,0,0,2,1,1,1115,7761,4,0,3,104,1,1548,3,1,2,0,1,6,2786,
3,טובאזנגריה,962,2149,1078,9,1069,17,0,915,1,0,0,3,0,0,0,0,1,0,0,1,0,16,0,0,0,1,0,102,2,0,0,2,3,2,3,
5,טורעאן,498,1387,842,2,840,4,0,767,1,0,0,0,0,1,2,2,0,0,0,0,3,6,0,0,0,1,0,5,0,0,0,1,0,0,47,
4,יבנאל,46,1351,911,3,908,21,50,1,0,0,0,32,0,0,0,0,0,0,0,0,13,241,0,0,0,13,0,186,0,0,0,0,0,0,351,
13,יבנה,2660,1596,1246,5,1241,61,4,0,0,0,0,42,0,0,0,0,0,0,0,1,24,380,1,0,0,3,0,686,0,0,1,0,0,0,38,
11,יהודמונוסון,9400,1301,907,4,903,45,14,1,2,0,0,29,0,0,0,0,0,1,1,0,36,477,2,0,0,2,0,227,0,0,0,0,0,0,66,
3,יראון,623,369,220,1,219,68,0,3,0,0,0,4,0,0,0,0,0,0,0,0,7,7,0,0,0,0,0,130,0,0,0,0,0,0,0,
4,כנף,4028,323,226,0,226,22,0,0,2,0,0,20,0,0,0,0,0,0,0,0,10,31,0,0,0,0,0,141,0,0,0,0,0,0,0,
4,כנרת מושבה,63,527,380,3,377,33,3,3,0,0,0,13,0,0,0,0,0,0,0,0,3,120,0,0,0,0,0,200,0,0,0,0,0,0,2,
5,כעביהטבאשחגאגרה,978,2250,1305,6,1299,85,0,1128,0,0,0,1,0,0,2,0,1,0,0,1,8,28,0,0,0,1,2,37,1,0,1,0,0,0,3,
2,כפר אדומים,3638,493,377,3,374,26,5,0,1,0,0,136,0,0,0,0,0,0,1,0,2,104,5,0,0,0,0,93,0,0,0,0,0,0,1,
12,כפר בן נון,2010,539,415,1,414,82,0,1,3,0,0,9,0,0,0,0,0,0,0,0,13,94,2,0,0,0,0,207,0,0,0,0,0,0,3,
4,כפר זיתים,786,474,356,0,356,3,6,0,1,0,0,24,0,0,0,0,0,0,1,0,0,248,0,0,0,2,0,38,0,0,0,0,0,1,32,
4,כפר כמא,508,2597,1099,4,1095,139,1,155,0,0,0,1,0,1,2,0,0,0,0,1,16,21,0,0,0,2,1,754,0,1,0,0,0,0,0,
17,כפר מנחם,274,428,314,2,312,81,1,1,0,0,0,7,0,0,0,0,0,0,0,0,4,20,0,0,0,0,0,197,0,0,0,0,0,0,1,
5,כפר מצר,512,1812,1179,2,1177,38,1,1060,0,0,0,1,0,0,1,0,0,0,1,0,0,7,1,1,0,1,0,20,0,0,0,0,0,1,44,
9,כפר קרע,654,2246,1585,3,1582,5,0,1545,0,0,0,0,0,0,0,0,0,0,0,0,0,20,0,0,0,1,2,2,0,0,1,0,0,2,4,
3,כרם בן זמרה,664,406,296,1,295,4,6,0,0,0,0,37,0,0,0,0,0,0,0,0,0,183,1,1,0,1,0,49,0,0,0,0,0,0,13,
12,כרמי יוסף,1264,953,734,0,734,102,3,1,1,0,0,21,0,0,0,0,0,0,0,0,15,110,0,0,0,0,0,479,0,0,0,0,0,0,2,
4,לביא,585,535,382,2,380,13,3,0,0,0,0,204,0,0,0,0,0,0,0,0,2,90,2,0,0,1,0,53,0,0,0,0,1,0,11,
9,מאור,2055,442,335,1,334,37,2,1,0,0,0,22,0,0,0,0,0,0,0,0,4,100,1,0,0,3,0,154,0,0,0,0,0,0,10,
2,מבשרת ציון,1015,6533,4567,10,4557,468,25,17,7,0,0,204,0,1,0,0,0,0,0,0,116,1843,2,1,0,19,0,1576,1,0,0,1,0,1,275,
5,מגדל העמק,874,12968,8016,48,7968,151,414,4,7,0,0,234,2,0,1,0,0,0,0,2,1393,3420,5,1,1,36,1,882,2,1,0,0,0,4,1407,
5,מגן שאול,1155,386,315,0,315,11,1,0,0,0,0,14,0,0,0,0,0,0,0,0,9,189,1,0,0,2,0,78,0,0,0,0,0,0,10,
12,מודיעין עילית,3797,3764,3085,42,3043,0,2391,0,0,0,0,5,0,0,0,0,0,0,0,0,2,51,1,0,0,3,0,1,1,0,0,0,0,0,588,
5,מולדת,269,817,601,0,601,85,2,1,0,0,0,14,0,0,0,0,0,0,0,0,13,56,1,0,0,1,0,425,0,0,0,0,0,0,3,
5,מיטב,2054,373,289,1,288,3,1,0,0,0,0,30,0,0,0,0,0,0,0,0,3,195,0,0,0,1,0,41,0,1,0,0,0,0,13,
2,מעלה אדומים,3616,12692,8881,60,8821,149,177,4,8,1,0,700,0,0,0,0,3,1,4,0,600,5402,10,1,0,66,2,960,4,0,2,0,1,3,723,
2,מעלה החמישה,286,592,413,0,413,123,0,3,1,0,0,9,0,0,0,0,0,0,1,1,4,21,2,0,0,0,0,247,1,0,0,0,0,0,0,
9,מעלה עירון,1327,2396,1400,7,1393,6,0,1372,0,0,0,1,0,1,1,0,1,0,0,0,0,1,0,0,0,1,2,2,0,0,3,0,0,0,2,
2,מעלה עמוס,3653,364,279,0,279,1,151,0,0,0,0,58,0,0,0,0,0,0,0,0,0,28,0,0,0,8,0,2,0,0,0,0,0,0,31,
5,מרחביה קיבוץ,66,918,662,4,658,114,0,3,0,0,0,20,1,0,0,0,0,0,1,1,41,171,1,0,0,1,0,301,0,0,0,0,0,0,3,
18,משמר הנגב,395,429,287,1,286,90,0,0,0,0,0,6,0,0,0,0,0,0,0,0,7,35,0,0,0,1,1,145,0,0,0,0,1,0,0,
5,משמר העמק,130,951,715,0,715,322,1,4,0,0,0,4,0,0,0,0,0,0,0,0,3,17,0,0,0,0,0,364,0,0,0,0,0,0,0,
6,נהריה,9100,27126,16868,115,16753,519,110,103,10,1,0,587,2,2,0,2,1,1,2,2,2313,7946,11,0,1,53,1,3971,5,2,11,2,1,2,1092,
2,נווה דניאל,3725,1539,1161,6,1155,3,25,0,2,0,0,701,0,0,0,0,0,0,0,0,4,350,1,0,0,27,1,30,0,0,0,0,0,2,9,
4,נטור,4014,250,188,2,186,13,0,2,0,0,0,61,0,0,0,0,0,0,0,0,1,49,0,0,0,4,0,53,1,0,0,0,0,0,2,
5,ניין,523,1345,881,4,877,210,0,632,0,0,0,0,0,0,1,0,0,0,0,0,1,5,0,0,0,0,0,24,0,1,1,0,1,1,0,
17,ניצן ב,1419,583,420,3,417,4,7,0,1,0,0,75,0,0,0,0,0,0,0,0,0,259,1,5,0,6,0,22,0,0,0,0,0,0,37,
17,ניר חן,11,404,271,0,271,29,0,1,1,0,0,15,0,0,0,0,0,0,0,0,18,84,0,0,0,1,0,114,1,0,0,0,0,0,7,
5,ניר יפה,165,423,326,1,325,18,0,0,0,0,0,8,0,0,0,0,0,0,0,1,3,150,0,0,0,1,0,124,0,0,0,0,0,0,20,
18,ניר משה,2047,417,292,2,290,49,2,0,1,0,0,13,0,0,0,0,0,0,0,0,6,84,0,0,0,0,0,126,0,0,0,0,0,0,9,
13,נס ציונה,7200,5425,4108,16,4092,329,21,11,2,0,1,120,0,0,0,0,0,0,0,0,121,1237,1,1,0,8,0,2126,2,0,0,1,0,0,111,
5,נצרת,7300,24033,14026,77,13949,111,2,13327,0,0,0,8,1,1,12,3,3,1,1,4,47,131,1,4,0,7,4,224,0,4,3,5,5,10,30,
17,נתיב העשרה,1242,686,524,0,524,51,1,2,2,0,0,45,0,0,0,0,0,0,0,0,13,117,0,0,0,1,0,287,0,0,0,0,0,0,5,
18,נתיבות,246,9305,6856,39,6817,59,357,2,0,0,0,307,0,0,0,0,0,0,1,0,568,2673,8,0,1,62,0,261,0,4,1,3,0,2,2508,
18,עומר,666,2242,1661,3,1658,212,4,15,3,0,0,61,0,0,0,0,2,0,0,0,49,494,3,0,1,2,0,797,0,0,0,0,0,0,15,
6,עכו,7600,28602,17846,110,17736,287,90,5367,7,3,0,431,3,1,4,4,2,2,4,5,1929,6741,6,2,2,51,3,1542,5,3,8,3,6,7,1218,
2,עלמון,3715,987,740,0,740,20,2,3,1,0,0,63,0,0,0,0,0,0,0,0,44,480,0,0,0,5,0,112,1,0,0,0,0,1,8,
5,עפולה,7700,39907,25232,156,25076,638,965,61,24,1,0,874,1,1,4,1,3,3,2,6,2647,13308,12,4,3,151,1,4415,10,5,15,2,3,4,1912,
18,ערד,2560,6251,3626,23,3603,153,800,66,6,0,0,80,0,1,1,0,2,0,0,0,709,832,3,1,0,6,1,859,1,1,1,1,0,1,78,
9,פוריידיס,537,776,457,7,450,8,0,432,0,0,0,0,0,0,0,0,0,0,0,0,0,0,0,0,0,0,1,5,0,0,0,0,1,1,2,
2,פסגות,3659,995,843,1,842,0,56,0,0,1,0,574,0,0,0,0,0,0,0,0,0,184,1,0,0,7,0,8,1,0,0,0,0,0,10,
19,צופית,198,436,328,0,328,60,2,4,0,0,0,5,0,0,0,0,0,0,0,0,8,31,0,0,0,0,0,217,0,0,0,0,0,0,1,
3,צפת,8000,19379,12032,80,11952,142,2169,240,4,0,0,772,1,2,0,0,1,2,1,1,733,4624,7,6,2,162,4,735,1,1,6,0,4,8,2324,
13,קדרון,615,1152,879,3,876,120,3,3,2,0,0,12,1,0,0,0,0,0,0,0,24,89,0,0,0,1,0,616,1,0,0,0,0,1,3,
9,קיסריה,1167,693,447,0,447,46,0,4,1,0,0,25,0,0,0,0,0,0,0,0,13,106,0,0,0,1,0,249,0,0,0,0,0,0,2,
3,קצרין,4100,2419,1320,13,1307,47,7,1,3,0,0,132,0,1,0,0,3,0,0,0,247,516,1,1,0,14,0,276,0,0,0,0,1,1,56,
8,קרית ביאליק,9500,9496,5675,46,5629,181,122,7,5,0,0,131,1,1,0,1,1,0,4,3,695,2548,5,0,2,17,1,1646,5,1,3,3,2,2,242,
8,קרית טבעון,2300,3210,2235,4,2231,484,38,58,5,0,0,61,0,0,0,0,0,1,1,0,51,297,8,0,0,8,0,1200,2,0,0,0,0,0,17,
8,קרית מוצקין,8200,1668,1185,6,1179,63,7,0,1,0,0,33,1,0,0,0,0,0,0,0,102,485,0,0,0,1,0,456,1,0,0,0,0,0,29,
11,ראש העין,2640,4709,3673,15,3658,130,91,2,1,0,0,236,0,1,0,0,0,0,1,1,93,1623,2,0,3,26,0,1054,0,1,0,0,2,0,391,
3,ראש פינה,26,1769,1213,3,1210,168,19,18,3,0,0,64,0,0,0,0,0,0,0,1,40,364,4,0,0,6,0,491,1,0,0,0,0,1,30,
15,רמת גן,8600,19031,12085,34,12051,1249,113,105,16,1,0,461,1,2,0,1,2,0,2,1,591,3328,6,1,0,25,1,5761,2,0,2,1,1,1,377,
5,רמת דוד,135,360,286,1,285,72,0,2,0,0,0,6,0,0,0,0,0,0,0,0,2,34,0,0,0,0,0,169,0,0,0,0,0,0,0,
15,רמת השרון,2650,4388,3062,4,3058,345,44,26,3,0,0,52,0,0,0,0,1,0,0,1,61,564,0,1,0,6,0,1906,0,0,0,0,1,0,47,
19,רעננה,8700,3973,2617,7,2610,176,60,8,1,0,0,324,0,0,0,0,0,0,0,0,83,690,2,0,0,3,0,1137,0,0,0,0,0,0,126,
17,שדרות,1031,6335,3955,36,3919,146,58,6,5,0,0,366,0,0,0,0,2,0,0,0,491,2105,1,1,0,25,1,341,3,0,3,1,0,2,362,
5,שמשית,1337,1831,1351,0,1351,222,5,2,0,0,0,36,0,0,0,0,0,0,0,0,24,155,0,0,0,0,0,900,1,1,0,0,0,0,5,
4,שער הגולן,264,490,365,0,365,106,0,2,0,0,0,4,0,0,0,0,0,0,0,0,3,21,0,1,0,1,1,225,0,0,0,0,0,0,1,
5,שריד,126,754,539,0,539,157,3,4,1,0,0,7,0,0,0,0,0,0,0,0,12,28,1,0,0,0,0,323,1,0,0,0,0,0,2,
14,תל אביב  יפו,5000,38622,23011,87,22924,3211,746,1352,29,1,0,485,1,4,1,2,2,3,0,4,787,5040,15,0,2,69,3,9994,9,1,1,2,1,4,1155,
5,תל יוסף,84,370,277,0,277,66,0,3,0,0,0,9,0,0,0,0,0,0,0,0,7,9,0,1,0,0,0,180,0,0,0,0,0,0,2,
5,תל עדשים,103,850,650,0,650,57,8,5,2,0,0,25,0,0,0,0,0,0,0,0,19,161,2,0,0,1,0,370,0,0,0,0,0,0,0,
2,אבו גוש,472,1549,870,9,861,26,4,694,0,0,0,1,0,0,1,0,0,1,0,0,2,90,0,0,0,0,1,36,0,0,0,0,1,1,3,
6,אבו סנאן,473,678,434,1,433,6,0,276,0,0,0,0,0,0,1,0,0,0,0,0,23,24,0,1,0,0,1,96,0,0,0,0,0,0,5,
2,אביעזר,1070,577,445,0,445,32,1,4,1,0,0,33,0,0,0,0,0,0,0,0,21,196,0,0,0,3,0,139,0,0,0,0,0,0,15,
2,אבן ספיר,783,497,351,2,349,19,0,0,0,0,0,13,0,0,0,0,0,0,0,0,10,219,0,0,0,2,0,73,0,0,0,0,0,0,13,
16,אור יהודה,2400,1092,787,10,777,25,1,0,0,0,0,22,0,1,0,0,0,0,0,0,21,388,0,0,0,1,0,187,0,1,0,0,0,0,130,
2,אורה,780,840,602,1,601,39,4,0,0,0,0,26,0,0,0,0,0,0,0,0,13,279,0,0,0,6,0,178,0,0,0,0,0,0,56,
3,איילת השחר,77,350,255,0,255,57,1,1,1,0,0,1,0,0,0,0,0,0,0,0,8,27,0,0,0,0,0,158,0,0,0,0,0,0,1,
4,אילניה,49,462,305,0,305,20,1,0,1,0,0,16,0,0,0,0,0,0,0,0,10,115,0,0,0,2,0,137,0,1,0,0,0,0,2,
5,אלון הגליל,1182,828,614,1,613,151,0,3,0,0,0,11,0,0,0,0,0,0,0,0,8,33,0,0,0,0,0,407,0,0,0,0,0,0,0,
2,אלון שבות,3604,753,580,4,576,9,14,0,1,0,0,391,0,0,0,0,0,0,0,0,2,124,0,0,0,8,0,21,0,1,0,0,0,0,5,
5,אלוני אבא,429,682,530,0,530,85,1,3,1,0,0,11,0,0,0,0,0,0,0,0,8,53,0,0,0,0,0,367,0,0,0,0,0,0,1,
5,אלונים,285,511,376,1,375,86,0,1,0,0,0,5,0,0,0,0,0,0,0,0,5,22,0,0,0,0,0,254,0,0,0,0,1,0,1,
3,אליפלט,730,468,349,1,348,5,1,0,0,0,0,10,0,0,0,0,0,0,0,0,0,262,0,0,0,3,0,37,0,0,0,0,0,0,30,
11,אלעד,1309,714,579,7,572,0,102,0,0,0,0,9,0,0,0,0,0,0,0,0,1,38,0,0,0,5,0,0,0,0,0,0,0,0,417,
2,אלעזר,3618,783,600,0,600,5,10,0,0,0,0,387,0,0,0,0,0,0,1,0,5,164,0,0,0,5,0,16,0,0,0,0,0,0,7,
3,אמירים,1064,609,409,2,407,86,3,13,2,0,0,44,0,0,0,0,0,0,0,0,7,43,2,0,0,0,0,203,0,0,0,0,0,0,4,
2,בית חורון,3575,826,689,2,687,6,12,0,0,0,0,274,0,0,0,0,0,0,0,0,10,310,0,0,0,6,0,26,0,0,0,0,0,0,43,
2,בר גיורא,823,412,311,1,310,26,3,1,0,0,0,18,0,0,0,0,0,0,0,0,4,182,0,0,0,2,0,48,0,0,0,0,0,0,26,
2,בת עין,3794,427,315,0,315,0,39,0,5,0,0,109,0,0,0,0,0,0,0,0,0,117,1,0,0,18,0,1,0,0,0,0,0,0,25,
6,גולס,485,591,375,5,370,20,0,5,1,0,0,7,0,0,0,0,0,0,0,0,36,26,0,0,0,0,0,177,0,0,1,0,0,1,96,
9,גסר אזרקא,541,2107,1155,12,1143,6,0,1099,0,0,0,0,1,1,2,0,0,0,0,0,0,0,0,1,0,3,2,16,1,4,1,0,0,1,5,
5,גבע,86,514,376,0,376,93,0,0,0,0,0,2,0,0,0,0,0,0,0,0,3,13,0,0,0,0,0,265,0,0,0,0,0,0,0,
2,גבע בנימין,3763,1242,983,1,982,11,31,0,1,0,0,87,0,0,0,0,0,0,0,0,25,478,1,0,0,22,0,45,0,0,0,0,0,0,281,
4,גבעת אבני,1293,1118,776,2,774,44,8,2,1,0,0,41,0,0,0,0,0,0,0,0,22,319,1,0,0,7,0,292,0,0,0,0,0,0,37,
2,גבעת זאב,3730,1799,1322,10,1312,23,90,3,0,0,0,132,0,0,0,0,0,0,0,0,43,637,0,0,0,24,0,154,0,0,1,0,0,0,205,
5,גלעד אבן יצחק,369,369,284,0,284,66,0,1,0,0,0,6,0,0,0,0,0,0,0,0,8,7,0,0,0,0,0,196,0,0,0,0,0,0,0,
5,גן נר,1274,1373,978,1,977,54,7,2,1,0,0,51,0,0,0,0,0,0,0,0,34,448,0,0,0,3,0,359,0,0,0,0,0,0,18,
4,גשר,305,413,261,2,259,78,0,5,0,0,0,2,0,0,0,0,0,0,0,0,0,27,1,0,0,1,0,145,0,0,0,0,0,0,0,
5,דבוריה,489,1442,1026,2,1024,4,0,1013,0,0,0,0,0,0,0,0,0,0,0,0,0,4,0,0,0,0,0,2,0,0,0,0,0,1,0,
5,הזורע,250,500,346,1,345,135,0,4,0,0,0,5,0,0,0,0,0,0,0,0,2,8,0,1,0,0,0,186,0,0,0,0,0,0,4,
5,היוגב,684,565,436,1,435,46,0,4,1,0,0,8,0,0,0,0,0,0,0,0,14,23,0,0,0,2,0,333,0,0,0,0,0,0,4,
2,הר אדר,3769,1213,937,1,936,118,1,6,0,0,0,33,0,0,0,0,2,0,0,0,35,230,1,0,0,2,0,498,0,0,0,0,0,0,10,
9,זכרון יעקב,9300,727,557,2,555,75,0,3,1,0,0,13,0,0,0,0,0,0,0,0,11,111,0,0,0,0,0,340,0,0,0,0,0,0,1,
5,זרזיר,975,770,398,4,394,42,0,300,0,0,0,0,0,1,0,0,1,0,0,1,1,2,0,0,0,0,2,43,0,0,0,1,0,0,0,
4,חוקוק,374,464,302,0,302,100,0,5,0,1,0,5,0,0,0,0,0,0,0,0,12,22,0,0,0,1,0,153,1,0,1,0,0,0,1,
4,חמאם,993,562,335,3,332,26,0,286,0,0,0,1,0,0,0,0,0,0,0,0,1,1,0,0,0,0,1,15,1,0,0,0,0,0,0,
5,טייבה בעמק,497,1230,703,1,702,33,0,656,0,0,0,2,0,0,2,0,0,0,0,0,0,4,0,0,0,0,0,4,0,0,1,0,0,0,0,
6,טלאל,1181,934,696,1,695,55,3,2,1,0,0,32,0,0,0,0,0,0,0,1,44,166,1,0,0,6,0,379,0,0,0,0,0,0,5,
5,טמרה יזרעאל,547,1042,723,4,719,4,0,692,0,0,0,1,0,0,1,0,0,0,0,0,0,2,0,0,0,0,0,17,0,1,1,0,0,0,0,
5,יזרעאל,452,562,340,1,339,104,0,2,0,0,0,1,0,0,0,0,0,0,0,0,11,10,2,0,0,0,0,209,0,0,0,0,0,0,0,
3,יסוד המעלה,29,528,379,2,377,27,0,1,1,0,0,21,0,0,0,0,0,0,0,0,7,67,0,0,0,0,0,251,0,0,0,0,0,0,2,
3,כפר חושן,609,577,427,1,426,12,6,0,0,0,0,14,0,0,0,0,0,0,0,0,5,247,0,0,0,4,0,57,0,0,0,0,1,0,80,
3,כפר חנניה,1297,525,384,1,383,33,5,2,0,0,0,35,0,0,0,0,0,0,0,0,13,176,1,0,0,0,0,105,0,0,0,0,0,0,13,
2,כרמי צור,3766,554,443,1,442,1,24,0,1,0,0,297,0,0,0,0,0,0,0,0,1,104,0,0,0,6,0,0,0,0,0,0,0,0,8,
2,מבוא ביתר,771,613,462,0,462,45,4,1,0,0,0,34,0,0,0,0,0,0,0,0,19,189,1,0,0,1,0,164,0,0,0,0,0,0,4,
18,מבועים,1080,582,421,1,420,31,2,1,0,0,0,15,0,0,0,0,0,0,0,0,11,228,0,0,0,3,0,98,0,0,0,0,0,0,31,
3,מגדל שמס,4201,468,90,1,89,4,0,4,0,0,0,0,0,0,1,0,0,0,0,0,4,15,0,0,0,0,0,61,0,0,0,0,0,0,0,
4,מגאר,481,11712,6323,53,6270,240,0,3384,0,2,0,20,1,1,3,2,2,1,2,7,340,229,2,0,2,8,1,1555,1,1,4,5,3,5,449,
9,מגל,375,807,627,1,626,141,1,3,1,0,0,13,0,0,0,0,0,0,0,0,2,24,1,0,0,0,0,440,0,0,0,0,0,0,0,
2,מוצא עילית,208,379,275,0,275,54,0,6,0,0,0,7,0,0,0,0,0,0,0,0,5,39,0,0,0,1,0,162,0,0,0,0,0,0,1,
5,מוקייבלה,635,2571,1558,6,1552,5,0,1525,0,0,0,0,0,0,2,0,0,0,0,0,0,5,0,0,0,0,0,11,0,2,0,0,1,1,0,
4,מנחמיה,48,927,603,3,600,31,20,0,2,0,0,19,0,0,0,0,0,0,0,0,17,312,0,0,0,7,0,164,1,0,0,0,0,5,22,
5,מנשית זבדה,994,852,593,1,592,46,0,517,0,0,0,0,0,0,0,0,0,0,0,0,0,2,0,0,0,0,0,23,0,1,0,0,0,3,0,
10,מעברות,197,363,279,0,279,110,2,3,0,0,0,1,0,0,0,0,0,0,0,0,1,13,0,0,0,0,0,148,0,0,0,0,0,0,1,
18,מעגלים,1082,410,342,1,341,1,15,0,1,0,0,67,0,0,0,0,0,0,0,0,2,201,0,0,0,2,0,9,0,0,0,0,0,0,43,
12,מצליח,757,453,339,2,337,9,0,0,2,0,0,6,0,0,0,0,0,0,0,0,4,191,0,0,0,2,0,108,0,0,0,0,0,0,15,
17,משען,791,709,569,2,567,14,9,0,1,0,0,42,0,0,0,0,0,0,0,0,10,370,0,0,0,2,0,61,0,0,0,0,0,0,58,
5,נאעורה,524,1469,1045,6,1039,55,0,957,0,0,0,0,0,0,0,0,0,0,0,0,1,3,0,1,0,1,1,20,0,0,0,0,0,0,0,
2,נוקדים,3726,587,446,1,445,6,9,1,0,0,0,202,0,0,0,0,0,0,0,0,18,166,0,0,0,13,1,12,0,0,0,0,0,0,17,
2,נחשון,777,467,347,3,344,145,0,11,1,0,0,2,0,0,0,0,0,0,0,0,4,14,1,0,0,0,0,165,0,0,0,0,0,0,1,
10,נתניה,7400,25046,14471,80,14391,376,605,13,11,1,0,610,2,0,0,0,2,1,3,2,1428,6558,9,0,2,63,3,2974,2,3,2,1,5,2,1713,
5,סולם,526,2012,1338,3,1335,27,2,1268,0,0,0,0,0,0,0,0,0,0,0,1,0,0,0,0,0,0,0,32,0,2,0,0,0,2,1,
18,סעוה,1360,465,213,1,212,1,0,193,0,0,0,0,0,0,0,0,0,0,1,0,5,3,0,0,1,0,0,6,0,0,0,0,0,0,2,
5,עוזייר,528,2014,1283,4,1279,36,0,1223,0,0,0,0,0,0,1,0,1,0,0,0,0,2,0,0,0,0,0,8,0,0,1,0,0,0,7,
4,עין גב,273,482,322,0,322,79,0,1,2,0,0,4,0,2,0,0,0,0,0,0,4,41,0,0,0,1,0,188,0,0,0,0,0,0,0,
5,עין דור,436,907,567,1,566,180,0,4,0,0,0,7,0,0,0,0,0,0,0,0,17,32,1,0,0,1,0,324,0,0,0,0,0,0,0,
5,עין השופט,270,885,527,0,527,232,1,2,0,0,0,4,0,0,0,0,0,0,0,0,12,21,0,0,0,0,0,252,0,0,0,0,0,0,3,
9,עין שמר,139,588,427,0,427,163,0,2,0,0,0,1,0,1,0,0,0,0,0,0,10,19,0,1,0,2,0,226,0,0,0,0,0,0,2,
3,עלמה,688,584,452,0,452,2,3,0,0,0,0,45,0,0,0,0,0,0,0,0,0,328,0,0,0,5,0,12,0,0,0,0,0,0,57,
13,עשרת,591,397,305,1,304,42,2,1,1,0,0,6,0,0,0,0,0,0,0,0,5,43,0,0,0,0,0,202,0,0,0,0,0,0,2,
4,פוריה  נווה עובד,1105,1019,708,3,705,26,4,0,0,0,0,31,0,0,0,0,1,0,0,0,21,477,0,0,0,6,0,89,0,1,0,0,0,0,49,
18,פטיש,749,665,538,2,536,7,4,0,0,0,0,25,0,0,0,0,0,0,0,0,2,287,0,0,0,2,0,55,0,0,0,0,0,0,154,
2,צובה,465,618,390,0,390,172,1,2,1,0,0,4,0,0,0,0,0,0,0,0,8,22,0,0,0,0,0,179,1,0,0,0,0,0,0,
2,צור הדסה,1113,3007,2250,9,2241,262,6,16,2,0,0,202,0,0,0,0,1,0,2,0,104,793,4,0,0,4,1,807,0,0,1,0,0,0,36,
5,צנדלה,636,1238,742,3,739,1,0,734,0,0,0,0,0,0,0,0,0,0,0,0,0,1,0,0,0,0,0,1,0,1,1,0,0,0,0,
10,קדימהצורן,195,2605,1916,3,1913,134,9,9,1,0,0,66,0,0,0,0,0,0,0,0,137,554,0,3,0,5,0,865,0,0,0,0,0,2,128,
2,קדר,3781,1002,725,1,724,7,2,0,0,0,0,37,0,0,0,0,1,0,0,0,19,510,0,0,0,2,0,111,0,0,0,0,0,0,35,
9,קציר,1243,472,274,0,274,47,0,7,1,0,0,5,0,0,0,0,0,0,0,0,37,49,0,0,0,0,0,125,0,0,0,0,0,1,2,
12,רמות מאיר,735,550,383,2,381,39,3,0,0,0,0,25,0,0,0,0,0,0,0,0,6,85,0,0,0,1,0,217,0,0,0,0,0,0,5,
1,רמת רחל,127,354,290,0,290,52,0,4,0,0,0,6,0,0,0,0,0,0,0,0,3,35,0,0,0,0,0,186,0,0,0,0,0,0,4,
5,שבלי  אום אלגנם,913,4174,2541,14,2527,167,0,2164,0,0,0,6,0,0,5,1,0,0,0,2,15,15,2,2,1,0,3,136,0,0,1,1,0,3,3,
4,שדה אילן,721,382,308,1,307,3,6,0,0,0,0,148,0,0,0,0,0,0,0,0,0,99,0,0,0,3,0,39,0,0,0,0,0,0,9,
17,שדה יואב,293,387,308,0,308,96,0,4,0,0,0,2,0,0,0,0,0,0,0,0,8,14,0,0,0,0,0,184,0,0,0,0,0,0,0,
2,שורש,456,596,440,0,440,69,2,4,0,0,0,19,0,0,0,0,0,0,0,0,24,92,1,0,0,4,0,223,0,0,0,0,0,0,2,
18,שני,1287,466,319,0,319,26,2,0,0,0,0,62,0,1,0,0,0,0,0,0,38,89,0,0,0,10,9,77,1,0,1,0,0,0,3,
6,שפרעם,8800,9658,6300,56,6244,59,0,5061,0,0,0,3,0,3,11,1,1,0,1,2,658,63,1,0,0,0,0,357,0,0,2,3,1,2,15,
10,תל מונד,154,1952,1412,6,1406,69,7,3,0,0,0,64,0,0,0,0,0,0,0,0,31,560,0,0,0,9,0,590,0,0,0,0,0,1,72,
18,תפרח,709,520,456,4,452,0,347,0,0,0,0,2,0,0,0,0,0,0,0,0,0,28,0,0,0,0,0,2,0,0,0,0,0,0,73,
6,אעבלין,529,735,484,1,483,13,0,444,0,0,0,0,0,0,0,0,0,0,0,0,14,2,0,0,0,0,0,7,0,0,1,0,0,2,0,
16,בת ים,6200,1929,945,9,936,25,10,2,2,0,0,23,1,0,0,0,0,0,0,0,176,385,0,0,0,2,0,235,0,0,0,0,0,0,75,
2,זנוח,816,398,289,1,288,4,2,1,0,0,0,12,0,0,0,0,0,0,0,0,4,196,0,0,0,6,0,14,0,0,0,0,0,0,49,
7,חיפה,4000,4076,2286,13,2273,137,17,478,2,0,0,41,0,0,0,1,1,0,0,1,223,595,1,1,0,2,0,696,1,1,0,0,0,5,70,
2,כוכב יעקב,3779,1904,1509,5,1504,3,224,1,0,0,0,316,0,0,0,0,0,0,0,0,4,429,0,0,0,44,1,7,0,0,0,0,0,0,475,
5,כפר ברוך,132,370,287,0,287,33,3,0,0,0,0,4,0,0,0,0,0,0,0,0,6,75,0,0,0,0,0,164,0,0,0,0,0,0,2,
4,מגדל,65,667,470,1,469,14,12,3,0,0,0,15,0,0,0,0,0,0,0,0,15,296,0,0,0,0,0,47,0,0,0,0,0,0,67,
5,מדרך עוז,2029,561,412,1,411,15,10,0,0,0,0,17,0,0,0,0,0,0,0,0,11,227,2,0,0,1,0,102,0,0,0,1,0,0,25,
18,מדרשת בן גוריון,1140,575,400,1,399,138,0,5,1,0,0,11,0,0,0,0,0,0,0,0,7,41,0,0,0,2,0,193,1,0,0,0,0,0,0,
13,מזכרת בתיה,28,1549,1202,8,1194,84,11,1,1,0,0,90,0,0,0,0,0,0,0,0,36,353,2,0,1,4,0,589,1,0,0,0,0,0,21,
17,מנוחה,2030,427,342,0,342,5,3,0,0,0,0,22,0,0,0,0,0,0,0,0,0,233,0,0,0,7,0,29,0,0,0,0,0,0,43,
4,מסד,1258,370,266,0,266,73,2,0,1,0,0,11,0,0,0,0,0,0,0,0,3,30,0,0,0,4,0,141,0,0,1,0,0,0,0,
9,מעגן מיכאל,694,536,362,0,362,124,0,4,1,0,0,8,0,0,0,0,0,0,0,0,14,14,0,0,0,0,0,196,0,0,0,0,0,0,1,
4,מעלה גמלא,4008,398,295,2,293,38,0,1,1,0,0,13,0,0,0,0,0,0,0,0,6,39,0,0,0,0,0,192,0,2,0,0,0,0,1,
5,מרחביה מושב,97,572,434,0,434,42,6,4,1,0,0,11,0,0,0,0,0,0,0,0,12,91,0,0,0,0,0,260,1,0,0,0,0,0,6,
17,ניצן,351,647,515,1,514,5,13,1,1,0,0,208,0,0,0,0,0,0,0,0,1,209,0,0,0,11,0,26,0,0,0,0,0,0,39,
17,עזר,1149,626,483,0,483,38,1,0,1,0,0,14,0,0,0,0,0,0,0,0,9,175,1,0,0,3,0,210,0,0,0,0,0,0,31,
17,עזריקם,817,436,330,2,328,9,0,0,0,0,0,11,0,0,0,0,0,0,0,1,4,225,0,0,0,3,0,57,0,0,0,0,0,0,18,
4,עיילבון,530,2747,1960,7,1953,160,3,1559,0,0,0,0,0,0,1,0,0,0,0,0,41,56,1,0,0,0,1,105,0,1,2,0,0,1,22,
18,עין גדי,2042,482,316,3,313,87,0,5,3,0,0,6,0,0,0,0,0,0,0,0,4,33,0,0,0,0,0,173,0,0,0,0,0,0,2,
5,עין העמק,367,590,473,2,471,25,2,0,0,0,0,7,0,0,0,0,0,0,0,0,2,324,0,0,0,4,0,85,0,0,0,0,0,0,22,
5,עין חרוד מאוחד,82,684,496,0,496,125,4,0,0,0,0,16,0,0,0,0,0,0,0,0,11,35,1,0,0,3,0,300,0,0,1,0,0,0,0,
4,פוריה עילית,1313,398,255,4,251,18,1,5,0,0,0,14,0,0,0,0,2,0,0,0,11,113,0,0,0,1,0,81,0,0,0,0,0,0,5,
9,פרדס חנהכרכור,7800,2699,1923,6,1917,193,10,15,0,0,0,106,0,0,0,0,0,0,0,0,94,607,1,0,0,3,0,842,0,0,0,0,0,1,45,
12,צפריה,594,510,412,3,409,4,7,0,0,0,0,195,0,0,0,0,0,0,0,0,2,127,0,0,0,11,0,30,0,0,0,0,0,0,33,
18,קבועה שבט,1234,754,430,3,427,0,0,406,0,0,0,1,0,0,2,1,0,1,0,0,0,1,0,1,0,2,0,4,0,0,1,0,1,3,3,
3,קדמת צבי,4025,392,283,1,282,36,0,0,0,0,0,15,0,0,0,0,0,0,0,0,12,61,1,0,0,0,0,156,0,0,0,0,0,0,1,
16,קרית אונו,2620,7170,5385,10,5375,563,25,22,3,0,0,209,0,0,0,0,0,0,1,0,194,1366,1,1,0,11,1,2847,2,0,0,0,1,2,126,
3,קרית שמונה,2800,5244,3279,19,3260,110,14,14,3,0,0,192,23,0,0,0,0,0,0,0,254,1895,2,3,4,11,1,484,1,0,0,0,0,0,249,
5,רומת הייב,997,1368,651,3,648,148,0,373,0,0,0,0,0,0,0,0,0,0,0,2,1,17,0,0,0,0,3,85,1,0,0,0,0,1,17,
8,רכסים,922,1883,1600,5,1595,5,755,0,0,0,0,4,0,0,0,0,0,0,0,0,23,135,0,0,0,3,0,21,0,0,0,0,0,1,648,
5,רמות מנשה,445,845,657,1,656,239,1,3,0,0,0,5,0,0,0,0,0,0,0,0,12,29,0,0,0,1,0,366,0,0,0,0,0,0,0,
5,רמת השופט,335,733,520,3,517,154,1,10,0,0,0,4,0,0,0,0,0,0,0,0,13,35,0,0,0,0,0,300,0,0,0,0,0,0,0,
8,רמת יוחנן,178,446,294,0,294,67,1,1,0,0,0,8,0,0,0,0,0,0,0,0,6,19,0,0,0,2,0,190,0,0,0,0,0,0,0,
4,רמת מגשימים,4701,439,341,0,341,3,8,0,0,0,0,229,0,0,0,0,0,0,0,0,2,76,0,0,0,8,0,12,0,0,0,0,0,0,3,
3,שאר ישוב,324,421,302,0,302,30,0,0,0,0,0,10,0,0,0,0,0,0,0,0,9,88,0,2,0,0,0,158,0,0,0,0,1,0,4,
6,שמרת,432,438,326,0,326,90,1,3,0,0,0,6,0,0,0,0,0,0,0,0,10,41,1,0,0,0,0,172,0,0,0,0,0,0,2,
4,חספין,4005,435,333,1,332,1,11,0,0,0,0,227,0,0,0,0,0,0,0,0,0,70,0,0,0,6,0,6,0,0,0,0,0,0,11,
9,חריש,1247,707,486,2,484,29,9,13,0,0,0,36,0,0,0,0,0,0,0,0,25,178,1,0,0,2,0,165,0,0,0,0,0,0,26,
6,טמרה,8900,2149,1754,4,1750,6,2,1718,0,0,0,0,0,0,0,0,0,0,0,0,0,5,0,0,0,0,0,2,0,0,0,0,1,0,16,
6,יאנוחגת,1295,750,413,1,412,10,0,18,0,0,0,3,0,0,0,0,0,0,0,0,148,113,0,0,0,0,0,119,0,0,0,0,1,0,0,
5,יפעת,134,425,330,1,329,63,0,3,0,0,0,2,0,0,0,0,0,0,0,0,7,46,0,0,0,0,0,206,0,0,0,0,0,0,2,
18,ירוחם,831,1097,694,5,689,26,7,3,2,0,0,44,0,0,0,0,0,0,0,0,42,391,1,0,0,1,0,100,0,1,0,0,0,0,71,
18,ישע,916,279,198,0,198,26,0,0,0,0,0,10,0,0,0,0,0,0,0,1,5,75,0,0,0,1,0,79,1,0,0,0,0,0,0,
18,יתד,1227,340,257,5,252,17,1,0,1,0,0,15,0,0,0,0,0,0,0,0,10,113,0,0,0,4,0,85,0,0,0,0,0,0,6,
4,כנרת קבוצה,57,634,437,0,437,80,1,2,1,0,0,3,0,0,0,0,0,0,0,0,21,58,1,0,0,0,0,268,0,0,0,0,0,0,2,
2,כפר אוריה,364,549,432,2,430,81,0,4,0,0,0,31,0,0,0,0,0,0,0,1,9,109,0,0,0,0,0,187,0,0,0,0,0,0,8,
3,כפר בלום,357,725,489,0,489,102,2,0,1,0,0,14,0,0,0,0,0,1,0,0,13,93,0,0,0,1,0,261,0,0,0,0,0,0,1,
6,כפר יאסיף,507,726,485,2,483,5,0,457,0,0,0,0,0,0,0,0,0,0,0,0,2,6,0,0,0,0,0,11,0,0,0,0,0,0,2,
10,כפר יונה,168,1828,1324,8,1316,61,31,1,0,0,0,48,0,0,0,0,0,0,0,0,73,569,1,1,0,4,0,444,1,0,1,0,2,0,79,
18,כפר מימון,1095,434,351,1,350,7,3,0,1,0,0,203,0,0,0,0,0,0,0,0,0,107,1,0,0,7,0,17,0,0,0,0,0,0,4,
2,כפר עציון,3488,473,369,2,367,6,4,0,0,0,0,217,0,0,0,0,0,1,0,0,1,97,1,0,0,2,0,37,0,0,0,0,0,0,1,
6,לפידות,1173,130,95,0,95,9,0,0,0,0,0,0,0,0,0,0,0,0,0,0,0,53,0,0,0,0,0,27,0,0,0,0,0,0,6,
4,מבוא חמה,4204,402,266,0,266,63,0,1,0,0,0,3,0,0,0,0,0,0,0,0,6,13,0,0,1,1,0,176,0,0,0,0,0,0,2,
3,מלכיה,596,427,257,0,257,82,0,2,0,0,0,8,0,0,0,0,0,0,0,0,3,14,1,0,0,0,0,144,0,0,0,0,0,0,3,
6,מעיליא,518,1935,1403,2,1401,67,0,1205,0,0,0,0,0,0,0,0,0,0,0,1,41,9,1,0,0,0,1,61,0,1,1,0,0,0,13,
9,מעין צבי,290,668,481,3,478,116,2,2,1,0,0,5,0,0,0,0,0,0,0,0,8,42,1,0,0,0,0,299,0,0,0,0,0,0,2,
6,מעלותתרשיחא,1063,2727,1759,5,1754,40,16,477,1,0,0,134,0,0,0,0,0,0,0,0,313,517,0,0,0,4,0,167,1,0,0,0,1,1,82,
6,מתת,1184,159,104,0,104,47,3,5,0,0,0,1,0,0,0,0,0,0,0,0,4,9,0,0,0,0,0,35,0,0,0,0,0,0,0,
4,נוב,4304,503,391,0,391,1,6,0,1,0,0,221,0,0,0,0,0,0,0,0,1,123,0,0,0,8,0,25,0,0,0,0,1,0,4,
17,נוגה,55,409,297,0,297,17,3,0,0,0,0,9,0,0,0,0,0,0,0,0,7,186,0,1,0,3,0,53,0,0,0,0,0,0,18,
2,נוה צוף,3573,756,579,1,578,1,14,0,1,0,0,337,0,0,0,0,0,0,0,0,1,191,0,0,0,11,0,7,0,0,0,0,0,0,15,
2,נחושה,59,791,619,1,618,8,11,0,1,0,0,312,0,0,0,0,1,0,0,0,1,198,0,0,0,8,0,51,1,0,0,0,0,0,26,
6,נטועה,1147,243,185,0,185,6,0,0,0,0,0,8,0,0,0,0,0,0,0,0,5,96,0,0,0,0,0,35,0,0,0,0,0,0,35,
6,עדי,1199,767,585,1,584,27,2,0,0,0,0,24,0,0,0,0,0,0,0,0,13,115,0,0,0,0,0,401,0,0,0,0,0,0,2,
18,עין הבשור,1240,725,538,1,537,63,0,0,0,0,0,35,0,0,0,0,0,0,0,0,17,93,0,0,0,2,0,321,0,0,0,0,1,0,5,
6,עין המפרץ,289,703,543,0,543,230,0,1,1,0,0,3,0,0,0,0,0,0,0,0,3,17,1,0,0,0,0,285,1,0,0,0,0,0,1,
2,עין נקובא,521,553,334,3,331,6,0,271,0,0,0,2,0,0,0,0,0,0,0,0,0,7,0,0,0,1,1,40,0,0,0,0,0,1,2,
17,עין צורים,622,446,359,2,357,17,5,0,0,0,0,190,0,0,0,0,0,0,0,0,0,69,0,0,0,2,0,68,0,0,0,0,0,0,6,
2,עלי,3765,682,529,0,529,0,42,1,0,0,0,345,0,0,0,0,0,0,0,0,1,112,0,0,0,9,0,1,0,0,0,0,0,0,18,
6,פקיעין בוקייעה,536,1253,845,4,841,107,0,406,0,0,0,0,0,1,0,0,0,0,0,0,150,18,2,0,0,1,0,147,0,0,0,0,0,0,9,
18,פרי גן,1231,168,110,0,110,9,0,0,0,0,0,10,0,0,0,0,0,0,0,0,1,61,0,0,0,0,0,28,0,0,0,0,0,0,1,
2,קרית ארבע,3611,1542,998,5,993,6,31,0,0,0,0,230,0,0,0,0,0,0,0,0,26,583,0,0,0,60,0,19,1,0,0,0,0,2,35,
4,רמות,4702,438,337,0,337,37,1,3,2,0,0,7,0,0,0,0,0,0,0,1,12,51,0,0,0,1,0,219,2,0,0,0,0,0,1,
5,שדה יעקב,142,628,502,1,501,18,8,0,0,0,0,218,0,0,0,0,0,0,0,0,5,150,0,0,0,4,0,92,0,0,0,0,0,0,6,
17,שדה עוזיהו,739,542,442,3,439,6,4,0,0,0,0,19,0,0,0,0,0,0,0,0,4,287,0,0,0,7,0,48,0,0,0,0,0,0,64,
18,שדה צבי,2049,425,336,1,335,25,3,3,0,0,0,17,0,0,0,1,0,0,0,0,3,164,0,0,0,0,0,79,0,0,0,0,0,0,40,
18,שובל,394,628,452,1,451,157,0,6,1,0,0,1,0,0,0,0,0,0,0,0,7,15,0,0,0,0,0,263,1,0,0,0,0,0,0,
17,שחר,7,521,387,0,387,21,6,0,0,0,0,15,0,0,0,0,0,0,0,0,11,175,1,0,0,2,0,108,0,0,0,0,0,0,48,
18,שלומית,1364,130,113,0,113,0,1,0,0,0,0,83,0,0,0,0,0,0,0,0,0,19,0,0,0,3,0,1,0,0,0,0,0,0,6,
10,שפיים,232,473,358,1,357,95,1,4,0,0,0,2,0,0,0,0,0,0,0,1,3,15,0,0,0,0,0,236,0,0,0,0,0,0,0,
17,תימורים,163,625,463,1,462,44,0,4,0,0,0,9,0,0,0,0,0,1,0,1,16,72,1,0,0,1,0,310,0,0,0,0,0,0,3,
18,תלמי יוסף,1237,269,156,2,154,25,0,0,0,0,0,10,0,0,0,0,0,1,0,0,7,24,0,0,0,0,0,87,0,0,0,0,0,0,0,
17,תלמי יחיאל,727,626,469,0,469,22,0,0,0,0,0,18,0,0,0,0,0,0,0,0,6,170,0,0,0,2,0,236,0,0,0,0,0,0,15,
5,תמרת,1244,559,451,0,451,97,0,5,0,0,0,6,0,0,0,0,0,0,0,0,2,43,0,0,0,0,0,296,0,1,0,0,0,0,1,
4,אשדות יעקב  מאוחד,188,520,362,0,362,73,0,0,0,0,0,20,0,0,0,0,0,0,0,0,17,58,0,0,0,0,0,191,0,0,0,0,0,1,2,
17,גבעתי,793,654,493,2,491,21,3,0,1,0,0,33,0,0,0,0,0,0,0,0,7,256,0,0,0,0,0,112,0,0,0,0,0,0,58,
15,הרצליה,6400,1347,913,4,909,79,15,4,0,0,0,37,0,0,0,1,0,0,1,0,73,266,1,0,0,3,0,382,1,0,0,0,0,0,46,
8,יגור,96,673,459,0,459,131,0,3,0,0,0,2,0,0,0,0,0,0,2,0,6,21,0,0,0,0,0,293,0,0,0,0,0,0,1,
18,יטבתה,866,683,436,0,436,162,5,0,0,0,0,6,0,0,0,0,0,0,0,0,14,20,0,0,0,1,0,226,0,0,0,0,0,0,2,
5,יפיע,499,774,508,1,507,24,0,458,1,0,0,0,0,0,1,0,0,0,0,0,0,12,0,0,0,0,0,7,0,0,1,1,0,1,1,
19,יקיר,3647,604,487,1,486,0,7,0,1,0,0,288,0,0,0,0,0,0,0,1,1,158,0,0,0,12,0,8,0,0,0,0,0,0,10,
6,ירכא,502,749,490,10,480,38,0,80,0,0,0,0,0,0,0,0,0,0,0,1,15,109,0,0,0,0,0,103,0,0,0,0,1,0,133,
6,כאבול,504,734,618,4,614,0,0,609,0,0,0,0,1,0,1,0,0,0,0,0,0,1,0,0,0,0,0,1,0,0,0,1,0,0,0,
6,כברי,576,408,285,1,284,67,0,1,0,0,0,5,0,0,0,0,0,0,0,0,3,11,0,0,0,1,0,196,0,0,0,0,0,0,0,
19,כוכב יאיר,1224,691,513,1,512,71,0,1,0,0,0,63,0,0,0,0,0,0,0,0,11,83,0,0,0,0,0,283,0,0,0,0,0,0,0,
10,כפר הראה,217,360,288,2,286,10,6,1,0,0,0,141,0,0,0,0,0,0,0,0,0,83,1,0,0,1,0,35,0,0,0,0,0,0,8,
10,כפר ידידיה,233,487,398,0,398,61,0,2,1,0,0,5,0,0,0,0,0,0,0,0,2,35,0,0,0,0,0,291,1,0,0,0,0,0,0,
13,כפר מרדכי,764,461,363,1,362,56,1,1,0,0,0,3,0,0,0,0,0,0,0,0,9,36,0,0,0,0,0,253,0,0,0,0,0,1,2,
10,כפר נטר,316,716,566,2,564,72,0,1,0,0,0,9,0,0,0,0,0,0,0,0,15,88,0,0,0,1,0,372,1,0,0,0,0,0,5,
6,כפר ראש הנקרה,579,480,339,2,337,65,0,2,0,0,0,12,0,0,0,0,0,0,0,1,5,71,0,0,0,1,0,180,0,0,0,0,0,0,0,
18,להבים,1271,1212,912,0,912,106,4,17,0,0,0,29,0,0,0,0,0,0,0,0,25,218,0,0,0,3,0,501,1,0,0,0,0,0,8,
12,לפיד,1310,557,418,0,418,64,0,3,1,0,0,9,0,0,0,0,0,0,0,0,7,85,0,0,0,3,0,244,1,0,0,0,0,0,1,
5,מגידו,586,634,472,0,472,113,0,2,0,0,0,8,0,0,0,0,0,0,0,0,12,44,0,0,0,0,0,292,0,0,0,0,0,0,1,
18,מיתר,1268,627,462,1,461,42,3,0,0,0,0,40,0,0,0,0,0,0,0,0,12,166,0,0,0,1,1,187,0,0,0,0,1,0,8,
10,מכמורת,382,514,301,1,300,51,0,2,2,0,0,6,0,0,0,0,0,1,0,0,5,22,0,0,0,0,0,209,0,0,0,0,0,0,2,
4,נאות גולן,4551,423,289,1,288,22,0,1,0,0,0,17,0,0,0,0,0,0,0,0,18,59,1,0,0,1,0,168,0,0,0,0,0,0,1,
8,נופית,1284,749,568,0,568,55,0,0,0,0,0,14,0,0,0,0,0,0,0,1,16,115,1,0,0,1,0,360,0,0,0,0,0,0,5,
3,סאסא,578,421,292,1,291,132,0,3,0,0,0,1,0,0,0,0,0,0,0,0,5,9,0,0,0,0,0,141,0,0,0,0,0,0,0,
18,סוסיה,3756,674,527,1,526,1,12,0,0,0,0,372,0,0,0,0,0,0,0,0,0,104,0,0,0,23,0,3,0,0,0,0,0,0,11,
3,עגר,4501,1707,677,8,669,168,0,96,0,1,0,1,0,0,1,0,0,1,1,2,12,148,0,1,3,1,0,44,0,2,1,1,2,0,183,
18,עין השלושה,676,311,187,1,186,32,0,3,0,0,0,3,0,0,0,0,0,0,0,0,12,17,0,0,0,0,0,118,0,0,0,0,0,0,1,
10,עין ורד,157,498,394,2,392,50,3,0,1,0,0,5,0,0,0,0,0,0,0,0,7,26,0,0,0,0,0,300,0,0,0,0,0,0,0,
19,עלי זהב,3727,575,483,0,483,0,9,0,0,0,0,321,0,0,0,0,0,0,0,0,2,128,0,0,0,5,0,13,0,0,0,0,0,0,5,
19,פדואל,3768,527,450,0,450,0,15,0,0,0,0,299,0,0,0,0,0,0,0,0,0,111,0,0,0,6,0,4,0,0,0,0,0,0,15,
18,קלחים,414,365,301,0,301,59,1,1,0,0,0,14,0,0,0,0,0,0,0,0,3,106,0,0,0,1,0,96,0,0,0,0,0,0,20,
18,קצר אסר,1347,612,445,1,444,1,0,429,0,0,0,2,0,0,0,0,0,0,0,0,0,3,0,0,0,0,0,6,0,0,1,1,0,0,1,
19,קרית נטפים,3746,420,362,1,361,0,5,0,1,0,0,170,0,0,0,0,0,0,0,0,1,151,0,0,0,15,0,3,0,0,0,0,0,0,15,
13,קרית עקרון,469,540,384,2,382,7,0,1,1,0,0,20,0,0,0,0,0,1,0,0,37,195,1,0,0,1,0,93,0,0,0,0,0,0,25,
3,קשת,4006,427,310,2,308,1,17,0,0,0,0,208,0,0,0,0,0,0,0,0,0,55,0,0,0,6,0,2,0,0,0,0,0,1,18,
19,רבבה,3795,596,514,1,513,0,16,1,0,0,0,369,0,0,0,0,0,0,0,0,0,87,0,0,0,14,0,5,0,0,0,0,0,0,21,
19,רחלים,3822,312,277,0,277,0,3,0,0,0,0,218,0,0,0,0,0,0,0,0,0,46,1,0,0,7,0,2,0,0,0,0,0,0,0,
5,רמת צבי,339,446,355,1,354,65,2,4,0,0,0,10,0,0,0,0,0,0,0,0,5,45,0,0,0,2,1,218,0,0,0,0,0,0,2,
12,שוהם,1304,585,454,0,454,26,2,1,2,0,0,77,0,0,0,0,0,1,0,0,14,114,0,0,0,1,0,205,0,0,0,0,0,0,11,
3,שמיר,366,682,468,0,468,153,0,3,1,0,0,4,0,0,0,0,0,0,0,0,3,26,0,0,0,0,0,278,0,0,0,0,0,0,0,
6,שעב,538,1144,913,4,909,0,0,897,0,0,0,1,0,0,2,0,0,0,0,0,0,1,0,0,0,0,0,6,0,0,0,0,0,0,2,
8,שער העמקים,237,554,439,2,437,183,1,4,0,0,0,0,0,0,0,0,0,0,0,0,7,5,0,0,0,1,0,235,0,0,0,0,0,0,1,
4,שרונה,292,438,346,1,345,45,1,2,1,0,0,5,0,0,0,0,0,0,0,0,16,45,0,0,0,0,0,227,1,0,0,0,0,0,2,
6,שתולה,1045,230,162,0,162,10,4,2,0,0,0,22,0,0,0,0,0,0,0,0,1,85,0,0,0,1,0,29,0,0,0,0,0,0,8,
6,אילון,294,454,337,2,335,96,1,8,2,0,0,13,0,0,0,0,0,0,0,0,6,52,0,0,0,0,0,157,0,0,0,0,0,0,0,
6,בית העמק,572,501,337,0,337,113,0,3,1,0,0,1,0,0,0,0,0,0,0,0,14,18,0,0,0,0,1,186,0,0,0,0,0,0,0,
2,בית נקופה,672,472,359,0,359,48,2,4,0,0,0,13,0,0,0,0,0,0,0,0,9,118,0,0,0,2,0,143,0,0,0,0,0,0,20,
17,זרחיה,818,488,419,1,418,2,8,0,0,0,0,43,0,0,0,0,0,0,0,0,1,235,0,0,0,5,0,5,0,0,0,0,0,0,119,
5,מזרע,104,687,498,1,497,156,2,1,0,0,0,5,0,0,0,0,0,0,0,0,3,18,1,0,0,1,0,309,0,1,0,0,0,0,0,
5,עין חרוד איחוד,89,517,378,2,376,67,1,1,0,0,0,5,0,0,0,0,0,0,0,0,8,25,0,0,0,0,0,269,0,0,0,0,0,0,0,
2,עין ראפה,514,657,373,13,360,16,3,308,0,0,0,2,0,0,0,0,0,0,0,0,5,3,0,0,0,0,0,23,0,0,0,0,0,0,0,
